上位のクエリ,2026/07/04 - 2026/07/11 クリック数,2026/06/06 - 2026/07/04 クリック数,2026/07/04 - 2026/07/11 表示回数,2026/06/06 - 2026/07/04 表示回数,2026/07/04 - 2026/07/11 CTR,2026/06/06 - 2026/07/04 CTR,2026/07/04 - 2026/07/11 掲載順位,2026/06/06 - 2026/07/04 掲載順位
関西 海上 釣り堀 ランキング,5,15,52,180,9.62%,8.33%,4.63,5.88
姫路市立遊漁センター,3,13,29,148,10.34%,8.78%,5.21,5.72
糸満イカダ,3,10,9,40,33.33%,25%,4.33,5.4
勇払マリーナ 釣り堀,3,4,7,13,42.86%,30.77%,2.43,3
姫路 遊漁センター 現在,2,9,21,60,9.52%,15%,2.33,2.13
糸満釣り筏,2,4,18,101,11.11%,3.96%,4.33,9.61
イルカランド 釣り堀,2,5,18,46,11.11%,10.87%,6.61,7.07
姫路遊漁センター 閉園,2,5,11,43,18.18%,11.63%,2.36,2.09
姫路遊漁センター 再開,2,4,7,27,28.57%,14.81%,1.86,1.81
沖縄 イカダ 釣り 糸満,2,2,6,11,33.33%,18.18%,2.67,6.18
遊漁センター,2,0,5,10,40%,0%,6.4,8.3
若狭高浜海釣り公園 レビュー,2,0,4,0,50%,0%,16.75,0
若狭高浜海釣り公園 釣果,2,0,2,0,100%,0%,17.5,0
釣ってみんで釣り堀,1,0,56,105,1.79%,0%,9.45,9.94
海上 釣り堀 ランキング 関東,1,6,39,123,2.56%,4.88%,5.15,5.44
篠島 釣り天国,1,1,30,53,3.33%,1.89%,8.77,10.47
舞鶴親海公園 釣り 料金,1,1,26,60,3.85%,1.67%,6.62,7.35
脇田海釣り桟橋 料金,1,1,18,24,5.56%,4.17%,4.44,8.04
姫路遊漁センター,1,5,17,76,5.88%,6.58%,6.82,5.72
フィッシングブリッジ赤崎,1,2,16,24,6.25%,8.33%,8.44,8.54
鴨池海 釣り 公園 料金,1,2,11,11,9.09%,18.18%,9.82,10.73
シーパーク丹生,1,0,11,15,9.09%,0%,27.18,28.47
賢島フィッシングパーク海遊苑,1,0,10,4,10%,0%,9.9,20.25
宮崎 釣り堀 海,1,1,9,8,11.11%,12.5%,10,10.12
海釣りランド,1,0,9,0,11.11%,0%,11.78,0
釣り堀紀州 料金,1,1,8,5,12.5%,20%,8.5,8.8
勇払マリーナ 釣り,1,2,8,23,12.5%,8.7%,13.88,9.22
イルカ ランド 釣り堀,1,0,7,12,14.29%,0%,6.29,7
ジャンボフィッシング村,1,0,6,8,16.67%,0%,39.5,43.12
関西 釣り堀 ランキング,1,1,5,10,20%,10%,7.4,8.6
姫路海釣り公園,1,1,4,26,25%,3.85%,6.25,8.19
阿 多 田島 釣り堀 料金,1,0,4,3,25%,0%,9.75,11.67
釣り堀 海,1,0,4,4,25%,0%,27.25,21
イサキ 棚 の取り方,1,1,3,8,33.33%,12.5%,10.33,10.88
糸満 イカダ,1,1,2,5,50%,20%,4,7.4
本部 釣りイカダ,1,0,2,0,50%,0%,5,0
若狭高浜釣り公園,1,0,2,0,50%,0%,10.5,0
苫小牧 一本防波堤 行き方,1,0,2,1,50%,0%,14,15
釣り公園 佐助屋 レビュー,1,1,2,1,50%,100%,14,13
鴨池海釣り公園,1,0,2,2,50%,0%,22,20
マリーナシティ 釣り公園,1,0,2,1,50%,0%,28.5,18
海上釣り堀 タックル,1,0,1,4,100%,0%,11,16.25
カンパチ 食べ方,1,1,1,1,100%,100%,16,16
熊本 釣り堀 安い,1,0,1,0,100%,0%,17,0
和歌山マリーナシティ 釣り堀,1,1,1,2,100%,50%,23,11
和歌山マリーナシティ海釣り公園,1,0,1,0,100%,0%,24,0
苫小牧 海釣り,1,0,1,0,100%,0%,24,0
脇田海釣り桟橋 釣果,1,0,1,2,100%,0%,39,5
あっとしー,0,2,39,114,0%,1.75%,10.18,9.75
釣り堀 関東,0,0,37,28,0%,0%,35.95,35.86
海上釣り堀 関東,0,0,35,110,0%,0%,10.37,11
パールマリン,0,0,34,20,0%,0%,9.35,8.95
篠島釣り天国,0,2,28,58,0%,3.45%,9.57,10.12
パールマリン 料金,0,2,26,51,0%,3.92%,4.77,6.96
迎パールマリン,0,1,22,127,0%,0.79%,15.64,11.86
釣り堀 大阪,0,0,22,84,0%,0%,41.5,38.79
関西釣り堀,0,0,18,11,0%,0%,26.94,35.09
釣り堀 関西,0,0,18,61,0%,0%,31.89,37.61
明石海上釣り堀 ＠sea あっとしー,0,0,17,31,0%,0%,11.82,10.97
大阪 釣り堀,0,0,16,41,0%,0%,38.81,37.15
釣ってみんでフィッシング,0,0,14,29,0%,0%,10.93,10.72
とっ と パーク小島 料金,0,0,13,22,0%,0%,9.31,10.55
海上 釣り堀 ランキング,0,3,11,71,0%,4.23%,6.91,7.68
関西釣り堀ランキング,0,1,11,8,0%,12.5%,7.73,9.88
松名瀬フィッシングパーク,0,0,11,22,0%,0%,20.82,25.23
釣り堀 宮城,0,0,11,6,0%,0%,33.82,29.5
南港 魚釣り 園 料金,0,1,10,36,0%,2.78%,5.9,6.31
とっとパーク小島 料金,0,0,10,28,0%,0%,8.6,9.89
和歌山マリーナシティ 海釣り公園,0,0,10,15,0%,0%,25.7,36.4
飛島磯釣り公園,0,0,10,9,0%,0%,31.5,39.67
苫小牧 釣り堀,0,2,9,59,0%,3.39%,7.22,8.14
海上釣り堀 東北,0,0,9,11,0%,0%,11.33,10.91
若狭高浜海釣り公園,0,1,9,8,0%,12.5%,19.89,24.88
釣り堀 紀州 料金,0,0,8,4,0%,0%,9.25,9.5
脇田海釣り桟橋,0,0,8,6,0%,0%,10.12,4
鴨池海釣り 公園 レンタル 料金,0,0,8,22,0%,0%,11.25,9.18
舞鶴親海公園,0,0,8,11,0%,0%,31.38,36.73
関東 釣り,0,0,8,2,0%,0%,40.62,42.5
姫路市遊漁センター,0,2,7,14,0%,14.29%,6.57,7.07
潮が緩むとは,0,0,7,3,0%,0%,7.29,7
鴨池海釣り公園 料金,0,1,7,7,0%,14.29%,9.71,10.57
海上 釣り堀 関東,0,0,7,36,0%,0%,10.14,10.86
わいた海釣り公園,0,0,7,0,0%,0%,11,0
篠島つり天国,0,0,7,16,0%,0%,20.71,17.81
釣り堀 香川,0,0,7,14,0%,0%,34.29,33.64
香川 釣り堀,0,0,7,16,0%,0%,35.86,35.94
釣った魚買取 徳島,0,0,6,8,0%,0%,6.33,4.5
釣り堀,0,0,6,2,0%,0%,10.33,5
じゃ の ひれ 釣り堀 料金,0,0,6,0,0%,0%,10.5,0
海釣りランド 芦北,0,0,6,2,0%,0%,11.5,11
熱海港海釣り施設 料金,0,0,6,8,0%,0%,11.5,12.75
関西 釣り堀,0,0,6,17,0%,0%,23.5,33.71
仙台 釣り堀,0,0,6,13,0%,0%,27.17,27.77
海上釣り堀,0,0,6,14,0%,0%,36,29.29
浅虫海づり公園,0,0,6,5,0%,0%,46,48.4
高橋渡船,0,0,5,0,0%,0%,8,0
釣り堀 苫小牧,0,1,5,28,0%,3.57%,9,8.68
とっとパーク小島 ライフジャケット,0,0,5,2,0%,0%,11.8,14
三重県 海上 釣り堀 陸続き,0,0,5,7,0%,0%,12,11.86
明石海上釣り堀 @sea あっとしー,0,1,5,30,0%,3.33%,12.2,11.73
和歌山マリーナシティ海釣り公園・釣り堀,0,0,5,12,0%,0%,22.4,28.83
フィッシングパーク光,0,0,5,7,0%,0%,27.2,31.14
宮津市海洋つり場,0,0,5,4,0%,0%,28,25.25
三寒四温、3月スタートは気温上昇,0,0,5,8,0%,0%,34.2,39
安戸池,0,0,5,7,0%,0%,41.4,37
関東 釣り堀,0,0,5,6,0%,0%,41.6,41.83
海上 釣り堀 ランキング 関西,0,1,4,28,0%,3.57%,4,5.71
苫小牧釣り堀,0,0,4,13,0%,0%,6.5,7.08
姫路 遊漁センター,0,2,4,13,0%,15.38%,7.5,5.23
舞鶴親海公園 釣り レンタル,0,1,4,15,0%,6.67%,7.75,8.07
姫路 海釣り公園,0,1,4,34,0%,2.94%,8,8.74
海上釣堀 石鯛 エサ,0,1,4,1,0%,100%,9,10
釣ってみんで釣り堀 写真,0,0,4,9,0%,0%,9.25,10.11
明石海上釣り堀 ＠sea あっとしー 写真,0,0,4,5,0%,0%,9.5,7.8
海上 釣り堀 海 遊,0,0,4,2,0%,0%,9.5,11
賢島フィッシングパーク 料金,0,0,4,14,0%,0%,10,10.21
あっとシー,0,0,4,20,0%,0%,10.5,9
あっとしー明石,0,0,4,58,0%,0%,11,11
苫小牧 勇払マリーナ 釣り,0,0,4,1,0%,0%,11,11
あっとしー 釣り堀,0,1,4,50,0%,2%,11.5,11.52
芦北 海釣りランド,0,0,4,0,0%,0%,11.5,0
海上 釣り堀 三重県 料金,0,0,4,14,0%,0%,13,14.43
南港魚つり園,0,2,4,18,0%,11.11%,19.75,9.78
仮屋湾遊漁センター,0,1,4,18,0%,5.56%,35.75,42.17
賢島 釣り,0,0,4,3,0%,0%,35.75,26.33
海上釣り堀 田尻,0,0,4,5,0%,0%,39,31.8
仮屋湾,0,0,4,6,0%,0%,41.5,43
南港 釣り公園 料金,0,2,3,20,0%,10%,6,4.9
南港魚釣り園 料金,0,0,3,19,0%,0%,8.33,6.68
宮津 釣り堀,0,0,3,2,0%,0%,8.67,8.5
釣り堀 雨,0,0,3,5,0%,0%,9,9.8
海上釣り堀 海遊,0,0,3,12,0%,0%,9.67,7.25
釣り桟橋,0,0,3,0,0%,0%,9.67,0
イサキ棚の取り方,0,0,3,2,0%,0%,10,10
かいゆうえん,0,1,3,6,0%,16.67%,10.33,10.5
釣り堀 相場,0,0,3,3,0%,0%,10.33,10.33
脈釣り 仕掛け,0,0,3,10,0%,0%,10.67,29
わいた釣り桟橋,0,0,3,1,0%,0%,11,5
沖洲 釣り堀,0,0,3,13,0%,0%,11,11
潮の満ち引き 読み方,0,0,3,0,0%,0%,11,0
由良海釣り公園 攻略,0,1,3,6,0%,16.67%,11.33,13.17
宮崎市 釣り堀,0,0,3,2,0%,0%,12,12
大漁丸,0,0,3,7,0%,0%,16.67,27.86
新舞子マリンパーク 釣り,0,0,3,3,0%,0%,17.67,6.33
徳島 釣り堀,0,1,3,9,0%,11.11%,18.67,21
賢島フィッシングパーク 海遊苑,0,0,3,5,0%,0%,20,25.4
釣り堀 明石,0,0,3,11,0%,0%,21,13.09
釣り公園 佐助屋,0,0,3,13,0%,0%,29,27.85
篠島 釣り,0,0,3,5,0%,0%,52,48.2
苫小牧 一本防波堤 料金,0,0,2,0,0%,0%,1,0
熱海海釣り公園,0,0,2,0,0%,0%,3,0
賢島フィシングパーク海遊苑,0,0,2,0,0%,0%,3.5,0
海上 釣り堀 オーパ 評判,0,0,2,0,0%,0%,4,0
阿多田島 釣り堀,0,0,2,5,0%,0%,4.5,7.8
海釣り堀,0,0,2,2,0%,0%,5.5,10
姫路 市立 遊漁 センター,0,0,2,0,0%,0%,6,0
マリーナシティ 釣り堀 料金,0,0,2,2,0%,0%,6.5,6.5
明石海上釣り堀 ＠sea あっとしー レビュー,0,0,2,4,0%,0%,6.5,15.75
阿多田島 海遊,0,0,2,1,0%,0%,6.5,6
直島つり公園,0,0,2,1,0%,0%,7.5,32
黒潮市場 釣り堀,0,0,2,3,0%,0%,7.5,12
仮屋湾遊漁センター 料金,0,0,2,3,0%,0%,8,12
佐助屋 攻略,0,2,2,20,0%,10%,8,6.65
雨でも釣りができる場所,0,0,2,23,0%,0%,8,5.91
明石 海上釣り堀,0,0,2,6,0%,0%,9.5,15
遊漁センター 姫路,0,0,2,16,0%,0%,9.5,8
南港魚つり園 写真,0,0,2,0,0%,0%,10,0
屋根のある釣り場,0,0,2,4,0%,0%,10,11.25
明石海上釣り堀,0,0,2,4,0%,0%,10,8.5
若松釣り桟橋,0,0,2,0,0%,0%,10,0
釣り堀 オーパ 攻略,0,0,2,0,0%,0%,10,0
イサキ釣り 棚の取り方,0,0,2,3,0%,0%,10.5,12.33
南港 釣りスポット,0,0,2,2,0%,0%,11,12.5
天橋立 釣り堀,0,0,2,2,0%,0%,11,11
新舞子マリンパーク 釣り 時間,0,0,2,0,0%,0%,11,0
芦北釣りランド,0,0,2,0,0%,0%,11,0
山口県 釣り堀 海,0,0,2,4,0%,0%,11.5,9.75
潮汐 読み方,0,0,2,2,0%,0%,11.5,10
夜 釣り堀,0,0,2,1,0%,0%,12,6
浅虫海釣り公園 料金,0,0,2,3,0%,0%,12.5,11
シーパーク丹生 仕掛け,0,3,2,15,0%,20%,13,10.13
篠島 釣り堀,0,0,2,9,0%,0%,14,23
由良海釣り公園 水深,0,0,2,4,0%,0%,15,14
紀州 釣り堀,0,0,2,2,0%,0%,15.5,26
南港釣り園,0,0,2,2,0%,0%,17.5,11
田尻釣り堀,0,0,2,2,0%,0%,17.5,15
海上 釣り堀 安い 関東,0,0,2,1,0%,0%,18,26
南港 海釣り公園,0,0,2,7,0%,0%,18.5,30.71
マリーナシティ 釣り堀 閉鎖,0,0,2,2,0%,0%,19.5,19
大阪 南港 釣り場,0,0,2,0,0%,0%,19.5,0
明石 釣り堀,0,0,2,28,0%,0%,19.5,12.25
佐助屋,0,0,2,11,0%,0%,20.5,11
南港海釣り公園,0,0,2,9,0%,0%,20.5,26.22
海上釣堀紀州,0,0,2,7,0%,0%,20.5,23.43
南港釣り場,0,0,2,3,0%,0%,21,29.67
関東 釣り堀 海,0,0,2,2,0%,0%,21,28.5
和歌山マリーナシティ 釣り,0,0,2,1,0%,0%,21.5,26
苫小牧 釣り場,0,0,2,0,0%,0%,21.5,0
直島 釣り,0,0,2,2,0%,0%,23.5,38.5
佐世保 釣り堀,0,0,2,9,0%,0%,25,31.22
釣り堀 持ち物,0,0,2,0,0%,0%,25,0
とっとパーク小島,0,0,2,2,0%,0%,29.5,36
ハリス 選び方,0,0,2,8,0%,0%,29.5,19.25
捌き 海上釣り堀 福井,0,0,2,11,0%,0%,29.5,26.45
福岡 釣り堀,0,0,2,5,0%,0%,33,36.4
アットシー,0,0,2,3,0%,0%,37.5,35
釣り堀 田尻,0,0,2,7,0%,0%,37.5,33.71
釣り堀 コツ,0,0,2,1,0%,0%,38,36
うみんぐ大島,0,0,2,0,0%,0%,42,0
鹿児島 海釣り公園,0,0,2,4,0%,0%,43.5,42.25
海上釣堀 タックル,0,0,2,0,0%,0%,44.5,0
海 釣り堀,0,0,2,4,0%,0%,45,10.25
青森 釣り堀,0,0,2,1,0%,0%,45,47
南港 う おつり えん,0,0,2,6,0%,0%,45.5,40.17
安戸池釣り場フィッシュフック,0,0,2,2,0%,0%,46,46.5
長崎 釣り堀,0,0,2,1,0%,0%,46,49
浅虫 釣り,0,0,2,0,0%,0%,47,0
ハリス おすすめ,0,0,2,7,0%,0%,47.5,44.71
北海道 釣り堀,0,0,2,5,0%,0%,48.5,42.2
雨釣り 海,0,0,2,0,0%,0%,49,0
松 名瀬 海水 浴場,0,0,2,0,0%,0%,50,0
南港 魚つり 園 護岸,0,0,2,10,0%,0%,51.5,52.4
南港 魚釣り 園,0,0,2,11,0%,0%,51.5,56.64
南港 魚つり 園,0,0,2,9,0%,0%,54,51.89
7月 朝マズメ,0,0,1,0,0%,0%,1,0
ひびき海の公園 釣り,0,0,1,0,0%,0%,1,0
タイ,0,0,1,0,0%,0%,1,0
他は？,0,0,1,0,0%,0%,1,0
海上 釣り堀 東北,0,1,1,12,0%,8.33%,1,8.08
石,0,0,1,0,0%,0%,1,0
苫小牧 一本防波堤 サクラマス,0,0,1,12,0%,0%,1,8.58
関空 釣り場,0,0,1,0,0%,0%,1,0
atiissu,0,0,1,1,0%,0%,2,2
icカード使える？,0,0,1,0,0%,0%,2,0
まるや海上釣り堀,0,0,1,0,0%,0%,2,0
脇田桟橋,0,0,1,0,0%,0%,2,0
あなたに逢い鯛 釣り堀,0,0,1,2,0%,0%,3,3
じゃのひれ,0,0,1,0,0%,0%,3,0
丹生 釣り堀,0,0,1,1,0%,0%,3,27
値段は？,0,0,1,0,0%,0%,3,0
渡船 海香,0,0,1,0,0%,0%,3,0
鴨池海づり公園,0,0,1,3,0%,0%,3,25.33
あなたに逢い鯛 予約,0,0,1,0,0%,0%,4,0
とっとぱーくこじま,0,0,1,0,0%,0%,4,0
シマアジ釣り,0,0,1,1,0%,0%,4,4
フィッシングパーク海遊苑,0,0,1,0,0%,0%,4,0
仮屋湾遊漁センター 写真,0,0,1,0,0%,0%,4,0
城ヶ島 釣り堀,0,0,1,0,0%,0%,4,0
城ヶ島 釣り堀 料金,0,0,1,1,0%,0%,4,11
海は？,0,0,1,0,0%,0%,4,0
熱海海釣り施設,0,0,1,0,0%,0%,4,0
熱海港海釣り施設,0,0,1,2,0%,0%,4,4
縞鯵釣り,0,0,1,1,0%,0%,4,4
能登島 海釣りセンター,0,0,1,0,0%,0%,4,0
苫小牧一本防波堤,0,0,1,2,0%,0%,4,5.5
釣り堀まるよ,0,0,1,1,0%,0%,4,4
釣具のぞうさん,0,0,1,4,0%,0%,4,6.75
関西 海上 釣り堀 安い,0,0,1,1,0%,0%,4,22
鹿児島 釣り堀,0,0,1,0,0%,0%,4,0
マルヨ釣り堀,0,0,1,1,0%,0%,5,20
海上釣堀 釣座選び,0,1,1,7,0%,14.29%,5,5.29
舞鶴親海公園 釣り,0,0,1,1,0%,0%,5,29
釣りです,0,0,1,0,0%,0%,5,0
カンパチ 西京焼き,0,1,1,18,0%,5.56%,6,8.56
シマアジ,0,0,1,0,0%,0%,6,0
トットパーク,0,0,1,0,0%,0%,6,0
口コミ,0,0,1,0,0%,0%,6,0
安めのやつ,0,0,1,0,0%,0%,6,0
海遊苑 志摩市,0,0,1,0,0%,0%,6,0
海釣り,0,0,1,1,0%,0%,6,6
潮上 釣り座,0,0,1,0,0%,0%,6,0
熱海 海釣り施設,0,0,1,0,0%,0%,6,0
生口島 釣り,0,0,1,2,0%,0%,6,40.5
釣り天国 篠島,0,0,1,6,0%,0%,6,11.33
わいた桟橋,0,0,1,2,0%,0%,7,11
徳島県釣り堀,0,0,1,0,0%,0%,7,0
舞鶴しんかいこうえん,0,0,1,0,0%,0%,7,0
関西 海上釣り堀 ランキング,0,0,1,12,0%,0%,7,9.58
餌代,0,0,1,0,0%,0%,7,0
海上釣り堀海遊,0,0,1,0,0%,0%,8,0
パールマリン迎,0,0,1,4,0%,0%,9,11
城ヶ島 釣果,0,0,1,0,0%,0%,9,0
海遊 釣り堀,0,0,1,0,0%,0%,9,0
釣り公園,0,0,1,0,0%,0%,9,0
釣り堀 屋根付き,0,0,1,3,0%,0%,9,10.33
釣り堀 紀州 攻略,0,0,1,2,0%,0%,9,14.5
高島海釣り公園,0,1,1,3,0%,33.33%,9,8.67
高浜海釣り公園,0,0,1,1,0%,0%,9,17
魚 送る 発泡スチロール,0,0,1,0,0%,0%,9,0
魚 雨の日,0,0,1,0,0%,0%,9,0
鹿児島 地磯 マップ,0,0,1,0,0%,0%,9,0
下関フィッシングパーク 料金,0,0,1,0,0%,0%,10,0
光 フィッシングパーク 料金,0,0,1,0,0%,0%,10,0
土肥釣りセンター 料金,0,0,1,0,0%,0%,10,0
浅虫海釣り公園 エサ,0,0,1,2,0%,0%,10,10.5
石鯛 最強 餌,0,0,1,2,0%,0%,10,11.5
じゃのひれ 釣り堀 料金,0,0,1,0,0%,0%,11,0
シマアジ 船宿,0,0,1,1,0%,0%,11,11
シー パーク 丹生 駐 車場,0,0,1,1,0%,0%,11,13
フィッシングパーク土肥 持ち込み,0,0,1,1,0%,0%,11,9
マルヨ 釣り堀,0,0,1,0,0%,0%,11,0
九州 海上 釣り堀 ランキング,0,0,1,2,0%,0%,11,10
仮屋 湾遊漁センター 料金,0,0,1,2,0%,0%,11,12
大阪 釣り 無料,0,0,1,1,0%,0%,11,11
宮津海洋釣り場,0,0,1,10,0%,0%,11,11.5
松名瀬,0,0,1,1,0%,0%,11,10
松名瀬 フィッシングパーク 釣れない,0,0,1,0,0%,0%,11,0
沖洲釣り堀,0,0,1,4,0%,0%,11,11.25
海の釣り堀,0,0,1,1,0%,0%,11,9
由良湾,0,0,1,0,0%,0%,11,0
飛行機 クーラーボックス 魚,0,0,1,0,0%,0%,11,0
ますふくまる 15,0,0,1,1,0%,0%,12,12
京都 釣り堀 海,0,0,1,0,0%,0%,12,0
南港漁港,0,0,1,0,0%,0%,12,0
南港魚つり園 トイレ,0,0,1,1,0%,0%,12,12
南港魚釣り園 売店,0,1,1,3,0%,33.33%,12,12.67
新舞子 海釣り公園,0,0,1,0,0%,0%,12,0
新舞子海釣り公園,0,0,1,0,0%,0%,12,0
由良海洋釣り堀,0,1,1,2,0%,50%,12,13.5
由良海洋釣堀 写真,0,0,1,2,0%,0%,12,11
脈釣りとは,0,0,1,0,0%,0%,12,0
釣り堀 雨の日,0,0,1,11,0%,0%,12,6.91
フィッシングパーク 土肥 料金,0,0,1,0,0%,0%,13,0
ポルトヨーロッパ 釣り,0,0,1,3,0%,0%,13,12.33
広島 海 釣り堀,0,0,1,0,0%,0%,13,0
釣り堀 イワシ 付け方,0,0,1,0,0%,0%,13,0
釣り堀 餌 付け方,0,0,1,1,0%,0%,13,11
釣り堀紀州,0,0,1,2,0%,0%,14,19
糸満 タマン ポイント,0,0,1,1,0%,0%,15,36
わいた海釣り桟橋,0,0,1,0,0%,0%,16,0
勇払マリーナ,0,0,1,3,0%,0%,17,4
南港魚つり園 護岸,0,0,1,3,0%,0%,17,28.33
高島飛島磯釣公園 レビュー,0,0,1,0,0%,0%,17,0
仮屋遊漁センター,0,0,1,1,0%,0%,18,18
明石釣り堀,0,0,1,22,0%,0%,18,11.5
海上釣り堀タックル,0,0,1,0,0%,0%,18,0
玄海町 釣り堀,0,0,1,0,0%,0%,18,0
釣り堀 紀州,0,0,1,2,0%,0%,18,27.5
海上つり堀まるや レビュー,0,0,1,0,0%,0%,19,0
海遊苑,0,0,1,0,0%,0%,19,0
海釣り公園 みか た 閉鎖,0,0,1,8,0%,0%,19,1.38
鴨池海釣り公園 ルアー,0,0,1,0,0%,0%,19,0
しまなみ海道 釣り堀,0,1,1,3,0%,33.33%,20,22.33
はさま浦釣り堀センター,0,0,1,9,0%,0%,20,14.44
山口県 釣り堀,0,0,1,1,0%,0%,20,24
御立岬公園海釣りランド,0,0,1,0,0%,0%,20,0
由良 釣り堀,0,0,1,3,0%,0%,20,17.33
苫小牧釣り場,0,0,1,0,0%,0%,20,0
賢島フィッシングパーク,0,0,1,0,0%,0%,20,0
つりぼりマルヨ 写真,0,0,1,2,0%,0%,21,2
内掛け結び 強度,0,0,1,0,0%,0%,21,0
海上釣り堀 シマアジ 仕掛け,0,0,1,0,0%,0%,21,0
海上釣り堀 広島,0,0,1,2,0%,0%,21,11.5
紀州釣り堀,0,0,1,0,0%,0%,21,0
関東 海上釣り堀,0,0,1,12,0%,0%,21,23.25
海上 釣り堀 広島,0,0,1,0,0%,0%,22,0
海洋釣り堀,0,0,1,2,0%,0%,22,16.5
爆釣美浜フィッシングパーク,0,0,1,0,0%,0%,22,0
じゃ の ひれ 釣り堀 攻略,0,0,1,0,0%,0%,23,0
南港 海 釣り 公園,0,0,1,0,0%,0%,23,0
近畿 釣り堀,0,0,1,1,0%,0%,24,23
一本防波堤,0,0,1,1,0%,0%,25,24
南港魚釣り園,0,0,1,2,0%,0%,25,38.5
舞鶴市 親海公園,0,0,1,0,0%,0%,25,0
苫小牧一本防波堤 釣り,0,0,1,0,0%,0%,25,0
安戸池 釣れない,0,0,1,0,0%,0%,26,0
新舞子 釣り場,0,0,1,1,0%,0%,26,31
海釣り公園 和歌山,0,0,1,0,0%,0%,26,0
針 結び方 最強,0,0,1,0,0%,0%,26,0
釣った魚 冷凍,0,0,1,0,0%,0%,26,0
釣りポート田尻,0,0,1,1,0%,0%,26,6
和歌山マリーナシティ釣り公園,0,1,1,4,0%,25%,27,19.5
仮屋湾釣り堀,0,0,1,0,0%,0%,28,0
南港 釣り,0,0,1,2,0%,0%,28,34.5
新舞子 マリン パーク 釣り,0,0,1,0,0%,0%,28,0
海 釣り堀 関東,0,0,1,6,0%,0%,28,52.5
知多 釣り堀,0,0,1,1,0%,0%,28,23
福寿丸 釣り堀,0,0,1,0,0%,0%,28,0
三木浦 釣り,0,0,1,0,0%,0%,29,0
下関 釣り堀,0,0,1,12,0%,0%,29,28.75
山口 釣り堀,0,0,1,4,0%,0%,29,28.75
福井 海上釣り堀,0,0,1,4,0%,0%,29,38.5
関東 釣り 海,0,0,1,0,0%,0%,29,0
鵜方浜釣センター レビュー,0,0,1,0,0%,0%,29,0
南港 魚釣り公園,0,0,1,0,0%,0%,30,0
田尻 釣り堀,0,0,1,0,0%,0%,30,0
福井県海上釣り堀,0,0,1,0,0%,0%,30,0
舞鶴 海釣り公園,0,0,1,4,0%,0%,30,35.25
舞鶴 釣り堀,0,0,1,9,0%,0%,30,14.11
関東海釣りスポット,0,0,1,0,0%,0%,30,0
大分 釣り堀 海,0,0,1,4,0%,0%,31,18
宮城 釣り堀,0,0,1,1,0%,0%,31,21
賢島 ランチ 海鮮,0,0,1,0,0%,0%,31,0
関西 海上釣り堀,0,0,1,5,0%,0%,32,38
とっ と パーク,0,0,1,2,0%,0%,33,34.5
マリーナシティ 釣り,0,0,1,0,0%,0%,33,0
ミャク 釣り 仕掛け,0,0,1,0,0%,0%,33,0
宮津釣り,0,0,1,0,0%,0%,33,0
大阪 海 釣り,0,0,1,0,0%,0%,34,0
大阪 海上釣り堀,0,0,1,6,0%,0%,34,36.17
大阪府 釣り堀,0,0,1,4,0%,0%,34,32.5
大阪海釣り,0,0,1,0,0%,0%,34,0
小島 とっ と パーク,0,0,1,0,0%,0%,34,0
釣り堀 マルヨ,0,0,1,0,0%,0%,34,0
関東 釣り場,0,0,1,0,0%,0%,34,0
静岡 海上釣り堀,0,0,1,5,0%,0%,34,29.2
大阪 海釣り,0,0,1,4,0%,0%,35,43
大阪 釣り場,0,0,1,1,0%,0%,35,35
関東 釣り スポット,0,0,1,0,0%,0%,35,0
佐賀 釣り堀,0,0,1,6,0%,0%,36,28.17
関東釣り場,0,0,1,0,0%,0%,36,0
和歌山 海釣り公園,0,0,1,5,0%,0%,37,38.2
関東 海釣り,0,0,1,0,0%,0%,37,0
ひる が 海上 釣堀,0,0,1,0,0%,0%,38,0
敦賀 釣り堀,0,0,1,3,0%,0%,38,35
青森 海釣り公園,0,0,1,5,0%,0%,38,43.2
由良 海 釣り 公園,0,0,1,6,0%,0%,39,41.17
アジ 釣り堀,0,0,1,0,0%,0%,40,0
和歌山 海釣り,0,0,1,0,0%,0%,40,0
とっ と パーク 小島,0,0,1,4,0%,0%,42,36.5
ニジマス 釣り堀 徳島,0,0,1,0,0%,0%,42,0
和歌山釣り公園,0,0,1,1,0%,0%,42,38
練り 餌 付け方,0,0,1,0,0%,0%,42,0
淡路島 海上釣り堀,0,0,1,2,0%,0%,43,40.5
雨 の 日 釣り,0,0,1,0,0%,0%,43,0
雨 海釣り,0,0,1,0,0%,0%,43,0
フィッシングパークtoi,0,0,1,1,0%,0%,44,47
由良海つり公園,0,0,1,6,0%,0%,44,36.67
釣り堀 田尻 釣れない,0,0,1,0,0%,0%,44,0
松阪 釣り,0,0,1,0,0%,0%,45,0
フィッシングランド日向 マニアコース,0,0,1,0,0%,0%,46,0
海釣り公園 愛知,0,0,1,0,0%,0%,46,0
魚 つかみ取り 福岡,0,0,1,0,0%,0%,46,0
雨 海 釣り,0,0,1,1,0%,0%,47,48
雨 釣り 海,0,0,1,2,0%,0%,47,54
愛知 海釣り公園,0,0,1,3,0%,0%,48,43.33
浅虫 海釣り公園,0,0,1,0,0%,0%,48,0
浅虫海釣り公園,0,0,1,0,0%,0%,48,0
仮屋 湾 遊漁 センター,0,0,1,5,0%,0%,49,48.2
小雨 釣り,0,0,1,0,0%,0%,49,0
松名瀬海岸,0,0,1,0,0%,0%,49,0
海釣り 雨,0,0,1,0,0%,0%,49,0
フィッシング ランド 日向,0,0,1,7,0%,0%,50,46.43
フィッシングランド日向,0,0,1,8,0%,0%,50,20.5
博多 釣り堀,0,0,1,0,0%,0%,50,0
新潟 釣り堀,0,0,1,9,0%,0%,50,46.11
カンパチ 釣り方,0,0,1,1,0%,0%,53,53
釣り堀 福岡,0,0,1,0,0%,0%,54,0
釣り堀 新潟,0,0,1,1,0%,0%,57,47
日向釣り堀,0,0,1,0,0%,0%,58,0
カワハギ口,0,0,1,0,0%,0%,60,0
じゃ の ひれ 波止場 釣り,0,0,1,0,0%,0%,63,0
長崎 夏休み 子供 体験,0,0,1,0,0%,0%,64,0
海上 釣り堀,0,0,1,6,0%,0%,68,69.33
海釣り 釣り堀,0,0,1,0,0%,0%,69,0
海上 釣堀,0,0,1,3,0%,0%,73,72.67
水上 釣り堀,0,0,1,0,0%,0%,80,0
海釣り公園みかた,0,3,0,25,0%,12%,0,5.92
海上 釣り堀 宮城,0,3,0,10,0%,30%,0,10.9
深浦漁協 釣り筏,0,1,0,16,0%,6.25%,0,9.81
ひる が 海上釣堀 料金,0,1,0,9,0%,11.11%,0,20.22
赤崎海岸 釣り,0,1,0,6,0%,16.67%,0,9.33
海上釣り堀 シマアジ,0,1,0,4,0%,25%,0,17.5
由良海釣り公園,0,1,0,4,0%,25%,0,32.5
志布志 イルカランド 釣り堀,0,1,0,3,0%,33.33%,0,6
つりぐのぞうさん,0,1,0,3,0%,33.33%,0,8
本結び 針,0,1,0,2,0%,50%,0,14.5
海上釣堀 便利グッズ,0,1,0,2,0%,50%,0,17.5
大三島フィッシングパーク,0,1,0,2,0%,50%,0,19.5
福岡県？,0,1,0,1,0%,100%,0,1
リール,0,1,0,1,0%,100%,0,4
近くの海上釣り堀,0,1,0,1,0%,100%,0,5
イサキ タナ,0,1,0,1,0%,100%,0,10
由良海釣り公園 筏,0,1,0,1,0%,100%,0,11
能登 釣り堀,0,1,0,1,0%,100%,0,11
小豆島 釣り体験,0,1,0,1,0%,100%,0,16
イサキ白子 保存方法,0,1,0,1,0%,100%,0,20
広島 海釣り 手ぶら,0,1,0,1,0%,100%,0,20
海上釣り堀 持ち物,0,1,0,1,0%,100%,0,20
釣り堀 マルヨ 水深,0,1,0,1,0%,100%,0,24
直島釣り公園,0,1,0,1,0%,100%,0,35
須佐漁港 釣り,0,1,0,1,0%,100%,0,72
広島 釣り堀,0,1,0,1,0%,100%,0,111
レンタルタックルとは,0,0,0,37,0%,0%,0,8.3
釣ってみんで釣り堀 レビュー,0,0,0,24,0%,0%,0,8.79
カンパチ 刺身 翌日,0,0,0,16,0%,0%,0,9.62
曇り 釣り,0,0,0,14,0%,0%,0,9.07
つりぐ の ぞうさん 料金,0,0,0,12,0%,0%,0,5.75
海上 釣り堀 まるや 攻略,0,0,0,12,0%,0%,0,9.08
シルバーウィーク 穴場,0,0,0,12,0%,0%,0,17.67
雑賀崎シーパーク 攻略,0,0,0,11,0%,0%,0,9.82
徳島 釣ってみんでフィッシング,0,0,0,11,0%,0%,0,11
広島 海上 釣り堀,0,0,0,11,0%,0%,0,40.09
屋根がある釣り場,0,0,0,10,0%,0%,0,6.7
迎パールマリン 料金,0,0,0,10,0%,0%,0,8
あっ とし ー 料金,0,0,0,10,0%,0%,0,9.3
イサキ 白子 真子,0,0,0,10,0%,0%,0,10
イサキ 霜皮造り,0,0,0,10,0%,0%,0,10.1
海上釣堀 雨の日,0,0,0,9,0%,0%,0,9.67
明石 釣り堀 料金,0,0,0,9,0%,0%,0,9.89
明石あっとしー,0,0,0,9,0%,0%,0,10.89
明石 あっとしー,0,0,0,9,0%,0%,0,11.22
釣り 曇りの日,0,0,0,8,0%,0%,0,8.62
イシダイ 歯,0,0,0,8,0%,0%,0,9
夜釣り堀,0,0,0,8,0%,0%,0,9.5
南港魚釣り園 トイレ,0,0,0,8,0%,0%,0,9.88
釣ってみ んで 釣り堀 レビュー,0,0,0,8,0%,0%,0,9.88
海釣り公園 みか た 休業,0,0,0,7,0%,0%,0,2.86
広島 海遊,0,0,0,7,0%,0%,0,7.29
北海道 海上釣り堀,0,0,0,7,0%,0%,0,8.71
大洗 釣り堀,0,0,0,7,0%,0%,0,10.14
アットシー 明石,0,0,0,7,0%,0%,0,10.43
篠島 釣り 天国 閉店,0,0,0,6,0%,0%,0,5.33
曇りの日 釣り,0,0,0,6,0%,0%,0,7.67
チヌ 料理 臭み,0,0,0,6,0%,0%,0,9.5
三重県 海上 釣り堀 ランキング,0,0,0,6,0%,0%,0,10
パールマリン 長崎,0,0,0,6,0%,0%,0,10.17
岩手 釣り堀 海,0,0,0,6,0%,0%,0,10.5
釣り堀 徳島,0,0,0,6,0%,0%,0,19
ミャク釣りとは,0,0,0,6,0%,0%,0,31
青物 夜 釣り,0,0,0,6,0%,0%,0,31.17
高知 釣り堀,0,0,0,6,0%,0%,0,31.17
大漁丸竿燈大通り店,0,0,0,6,0%,0%,0,47.5
南港 釣り 公園 料金,0,0,0,5,0%,0%,0,5.6
シー パーク 丹生 仕掛け,0,0,0,5,0%,0%,0,7.2
脇田海釣り桟橋 水深,0,0,0,5,0%,0%,0,8.4
魚釣り園護岸,0,0,0,5,0%,0%,0,9.2
はさま浦 釣り堀 センター 攻略,0,0,0,5,0%,0%,0,10.4
ポルトヨーロッパ 釣り堀,0,0,0,5,0%,0%,0,10.8
はさま浦 釣り堀 センター 料金,0,0,0,5,0%,0%,0,11.2
チヌ 刺身 臭み取り,0,0,0,5,0%,0%,0,11.2
姫路 釣り公園,0,0,0,5,0%,0%,0,11.4
魚つり園護岸,0,0,0,5,0%,0%,0,11.4
つりぼりマルヨ,0,0,0,5,0%,0%,0,13
フィッシングパークトリトン,0,0,0,5,0%,0%,0,21.6
広島 海上釣り堀,0,0,0,5,0%,0%,0,29
和歌山 海上釣り堀,0,0,0,5,0%,0%,0,36.6
伊勢 釣り堀,0,0,0,5,0%,0%,0,47.8
関西 海上 釣り堀,0,0,0,5,0%,0%,0,63.6
海 釣り 関西,0,0,0,5,0%,0%,0,78
海上釣り堀岬,0,0,0,4,0%,0%,0,3.25
三方海釣り公園,0,0,0,4,0%,0%,0,5.75
パールマリン 佐世保,0,0,0,4,0%,0%,0,8.75
明石釣り堀あっとしー,0,0,0,4,0%,0%,0,9.5
真鯛 身が赤い,0,0,0,4,0%,0%,0,10
わいた釣り公園,0,0,0,4,0%,0%,0,11.5
南港魚釣り園 レンタル,0,0,0,4,0%,0%,0,12.5
南港魚つり園護岸,0,0,0,4,0%,0%,0,16
日向漁港 釣り堀,0,0,0,4,0%,0%,0,23.75
真鯛 捌き方,0,0,0,4,0%,0%,0,24.75
フィッシングパーク トリトン,0,0,0,4,0%,0%,0,26
舞鶴釣り場,0,0,0,4,0%,0%,0,28
ひるが海上釣り堀,0,0,0,4,0%,0%,0,28.25
クロダイ の ダンゴ 釣り,0,0,0,4,0%,0%,0,35
四国 釣り堀,0,0,0,4,0%,0%,0,37.25
愛知 海上釣り堀,0,0,0,4,0%,0%,0,37.75
福井海上釣り堀,0,0,0,4,0%,0%,0,39
三重海上釣り堀,0,0,0,4,0%,0%,0,41.25
釣り 雨,0,0,0,4,0%,0%,0,44
千葉 海上釣り堀,0,0,0,4,0%,0%,0,44.25
雨の日 釣り,0,0,0,4,0%,0%,0,44.25
愛媛 釣り堀,0,0,0,4,0%,0%,0,47
雨上がり 釣り,0,0,0,4,0%,0%,0,49.25
海上 釣り堀 関西,0,0,0,4,0%,0%,0,54.25
鯛 季節,0,0,0,4,0%,0%,0,59.25
大阪 海 釣り堀,0,0,0,4,0%,0%,0,71.25
熱海港海釣り施設 レビュー,0,0,0,3,0%,0%,0,2
シマアジ 釣り,0,0,0,3,0%,0%,0,3.67
舞鶴 海上 釣り堀,0,0,0,3,0%,0%,0,4.67
南港釣り公園 料金,0,0,0,3,0%,0%,0,5
はい,0,0,0,3,0%,0%,0,5.33
海釣り公園 みかた,0,0,0,3,0%,0%,0,6
浅虫 釣り堀,0,0,0,3,0%,0%,0,8.33
舞鶴釣り堀,0,0,0,3,0%,0%,0,8.33
宮津釣り公園,0,0,0,3,0%,0%,0,10.33
曇り釣り,0,0,0,3,0%,0%,0,10.33
釣り堀マルヨ,0,0,0,3,0%,0%,0,10.33
とっ と パーク 料金,0,0,0,3,0%,0%,0,10.67
宮津 釣り公園,0,0,0,3,0%,0%,0,11
佐助屋 三重,0,0,0,3,0%,0%,0,11.33
大洗 海釣り公園,0,0,0,3,0%,0%,0,11.33
福井 釣り堀 3000 円,0,0,0,3,0%,0%,0,11.67
死にアジ 青物,0,0,0,3,0%,0%,0,13
光フィッシングパーク,0,0,0,3,0%,0%,0,13.33
メジナ 磯臭い,0,0,0,3,0%,0%,0,14.67
マリーナシティ 釣り堀,0,0,0,3,0%,0%,0,17
小浜釣り筏,0,0,0,3,0%,0%,0,17.67
新舞子マリンパーク 魚釣り施設,0,0,0,3,0%,0%,0,18
シーパーク丹生 レビュー,0,0,0,3,0%,0%,0,19.67
トリトン 鳥羽,0,0,0,3,0%,0%,0,20.67
海上 釣り堀 神奈川,0,0,0,3,0%,0%,0,22
修善寺 釣り,0,0,0,3,0%,0%,0,29.33
神奈川 海上釣り堀,0,0,0,3,0%,0%,0,29.33
カンパチ 餌,0,0,0,3,0%,0%,0,34
小浜 筏,0,0,0,3,0%,0%,0,34.67
福寿丸,0,0,0,3,0%,0%,0,35.33
舞鶴親海公園 釣果,0,0,0,3,0%,0%,0,37.33
東海 釣り堀,0,0,0,3,0%,0%,0,39.67
桜鯛,0,0,0,3,0%,0%,0,41.67
脇田海水浴場,0,0,0,3,0%,0%,0,44.33
唐津 釣り堀,0,0,0,3,0%,0%,0,46.67
メジナ 味,0,0,0,3,0%,0%,0,49
釣り堀 和歌山,0,0,0,3,0%,0%,0,49.67
海上 釣り堀 和歌山,0,0,0,3,0%,0%,0,52
大阪 海上 釣り堀,0,0,0,3,0%,0%,0,62.33
由良海洋釣堀 レビュー,0,0,0,2,0%,0%,0,1
シマアジ 釣り方,0,0,0,2,0%,0%,0,3
南港海釣り公園 駐車場,0,0,0,2,0%,0%,0,3
南港魚釣り園 駐車場,0,0,0,2,0%,0%,0,3
みうら海王,0,0,0,2,0%,0%,0,3.5
海上つり堀まるや,0,0,0,2,0%,0%,0,3.5
シマアジ釣り方,0,0,0,2,0%,0%,0,4.5
糸満イカダ 仕掛け,0,0,0,2,0%,0%,0,4.5
城ヶ島 釣り,0,0,0,2,0%,0%,0,5.5
海 釣り堀 東北,0,0,0,2,0%,0%,0,5.5
海 釣り 公園 鹿児島 料金,0,0,0,2,0%,0%,0,6
雨 釣り堀,0,0,0,2,0%,0%,0,6
南港釣りスポット,0,0,0,2,0%,0%,0,6.5
海釣り公園,0,0,0,2,0%,0%,0,6.5
スズキのパイ包み焼き,0,0,0,2,0%,0%,0,7
南港魚釣り園護岸,0,0,0,2,0%,0%,0,7
大阪南港魚つり園護岸,0,0,0,2,0%,0%,0,7
宮崎 釣り堀,0,0,0,2,0%,0%,0,7
小豆島 釣り堀,0,0,0,2,0%,0%,0,9
曇り 釣り やすい,0,0,0,2,0%,0%,0,9
中四国 釣り堀,0,0,0,2,0%,0%,0,9.5
海上釣堀 ハリス 長さ,0,0,0,2,0%,0%,0,9.5
宮城県 釣り堀 海,0,0,0,2,0%,0%,0,10
敦賀 海釣り公園,0,0,0,2,0%,0%,0,10
海上 釣り堀 仕掛け 結び方,0,0,0,2,0%,0%,0,10
迎 パールマリン 予約,0,0,0,2,0%,0%,0,10
釣り堀 料金,0,0,0,2,0%,0%,0,10
ファミリー釣り場,0,0,0,2,0%,0%,0,10.5
南港 釣り場,0,0,0,2,0%,0%,0,10.5
夏 海水温,0,0,0,2,0%,0%,0,10.5
若松 海釣り公園,0,0,0,2,0%,0%,0,10.5
近くの釣り公園,0,0,0,2,0%,0%,0,10.5
いわき 釣り堀,0,0,0,2,0%,0%,0,11
最大ドラグ力 10kg 青物,0,0,0,2,0%,0%,0,11
長崎 飛島 フェリー,0,0,0,2,0%,0%,0,11
満潮と干潮 読み方,0,0,0,2,0%,0%,0,11.5
外掛け結び 強度,0,0,0,2,0%,0%,0,15
松名瀬海岸 釣り,0,0,0,2,0%,0%,0,15.5
フィッシングパーク大三島,0,0,0,2,0%,0%,0,16
和歌山マリーナシティ釣り堀,0,0,0,2,0%,0%,0,16
つりぼりマルヨ レビュー,0,0,0,2,0%,0%,0,17.5
迫間浦釣り堀,0,0,0,2,0%,0%,0,17.5
答志島 釣り体験,0,0,0,2,0%,0%,0,18
大三島 釣り堀,0,0,0,2,0%,0%,0,18.5
釣り堀 いわき,0,0,0,2,0%,0%,0,19
徳島県 釣り堀,0,0,0,2,0%,0%,0,19.5
答志島 釣りポイント,0,0,0,2,0%,0%,0,20.5
シー パーク 丹生 レビュー,0,0,0,2,0%,0%,0,21.5
釣り堀 初心者,0,0,0,2,0%,0%,0,22
新潟 海 釣り堀,0,0,0,2,0%,0%,0,22.5
鴨池海釣り公園 ルール,0,0,0,2,0%,0%,0,22.5
南港釣り公園,0,0,0,2,0%,0%,0,23
沖縄 イカダ 釣り,0,0,0,2,0%,0%,0,23
海釣り公園 鹿児島,0,0,0,2,0%,0%,0,23
雨の日釣れる,0,0,0,2,0%,0%,0,23.5
鳥羽 トリトン,0,0,0,2,0%,0%,0,23.5
仮屋湾 西 遊漁センター,0,0,0,2,0%,0%,0,24
山口県釣り堀,0,0,0,2,0%,0%,0,24.5
釣り堀 仙台,0,0,0,2,0%,0%,0,25.5
静岡 海上 釣り堀,0,0,0,2,0%,0%,0,26
スレた魚,0,0,0,2,0%,0%,0,26.5
和歌山マリーナシティ釣り公園 閉鎖,0,0,0,2,0%,0%,0,26.5
三重県海上釣り堀,0,0,0,2,0%,0%,0,28
釣り堀 佐賀,0,0,0,2,0%,0%,0,28
フィッシングパーク丹生,0,0,0,2,0%,0%,0,29
雑賀崎シーパーク,0,0,0,2,0%,0%,0,29
イサキ 白子 食べ 方,0,0,0,2,0%,0%,0,29.5
南港海釣り公園 再開,0,0,0,2,0%,0%,0,30
宮城県 釣り堀,0,0,0,2,0%,0%,0,30
鴨池海釣り公園 カンパチ,0,0,0,2,0%,0%,0,30
仙台釣り堀,0,0,0,2,0%,0%,0,31
和歌山 マリーナシティ 釣り,0,0,0,2,0%,0%,0,31
とっ と パーク小島,0,0,0,2,0%,0%,0,35.5
青物 夜,0,0,0,2,0%,0%,0,36
釣堀 田尻,0,0,0,2,0%,0%,0,36.5
大阪 釣り,0,0,0,2,0%,0%,0,37
三重 海上釣り堀,0,0,0,2,0%,0%,0,38
兵庫 釣り堀,0,0,0,2,0%,0%,0,39.5
喰い道楽 福寿丸,0,0,0,2,0%,0%,0,39.5
和歌山 釣り堀 安い,0,0,0,2,0%,0%,0,40.5
南港 魚つり園,0,0,0,2,0%,0%,0,42
和歌山 釣り堀,0,0,0,2,0%,0%,0,42
関東 海 釣り堀,0,0,0,2,0%,0%,0,45.5
しまなみ海道 釣り,0,0,0,2,0%,0%,0,48
大阪 釣り堀 海,0,0,0,2,0%,0%,0,48.5
さくら鯛,0,0,0,2,0%,0%,0,49
ハリスとは,0,0,0,2,0%,0%,0,49
海 釣り堀 大阪,0,0,0,2,0%,0%,0,49
雨 魚釣り,0,0,0,2,0%,0%,0,49
福岡市 釣り堀,0,0,0,2,0%,0%,0,50
敦賀 釣り 車 横付け,0,0,0,2,0%,0%,0,51
海上 釣り堀 千葉,0,0,0,2,0%,0%,0,51
雨 釣り 釣れる,0,0,0,2,0%,0%,0,51
雨 釣り,0,0,0,2,0%,0%,0,51.5
海 釣り堀 千葉,0,0,0,2,0%,0%,0,52.5
真鯛 乗っ 込み 時期,0,0,0,2,0%,0%,0,52.5
新居弁天海釣公園,0,0,0,2,0%,0%,0,65.5
関西 海 釣り,0,0,0,2,0%,0%,0,67.5
天然 養殖 違い,0,0,0,2,0%,0%,0,85
とっとパーク ライフジャケット,0,0,0,1,0%,0%,0,1
なぜ？,0,0,0,1,0%,0%,0,1
まかつ,0,0,0,1,0%,0%,0,1
アットゥシ 値段,0,0,0,1,0%,0%,0,1
カンパチ 刺身 美味しい 食べ方,0,0,0,1,0%,0%,0,1
サクラマス,0,0,0,1,0%,0%,0,1
子供と釣りができるところ,0,0,0,1,0%,0%,0,1
料金は？,0,0,0,1,0%,0%,0,1
新舞子 駐 車場 無料,0,0,0,1,0%,0%,0,1
海上釣り堀田尻,0,0,0,1,0%,0%,0,1
海釣公園駐車場,0,0,0,1,0%,0%,0,1
深さは？,0,0,0,1,0%,0%,0,1
的形海水浴場 釣り,0,0,0,1,0%,0%,0,1
釣りしたい,0,0,0,1,0%,0%,0,1
釣り堀 兵庫,0,0,0,1,0%,0%,0,1
釣り堀体験,0,0,0,1,0%,0%,0,1
陸奥湾 釣り ポイント,0,0,0,1,0%,0%,0,1
雑賀崎シーパーク 料金,0,0,0,1,0%,0%,0,1
雨でも 釣りができる 場所 関西,0,0,0,1,0%,0%,0,1
魚釣り公園,0,0,0,1,0%,0%,0,1
チヌ,0,0,0,1,0%,0%,0,2
レンタカー つりぐのぞうさん レビュー,0,0,0,1,0%,0%,0,2
志布志,0,0,0,1,0%,0%,0,2
料金,0,0,0,1,0%,0%,0,2
海上釣堀 辨屋 レビュー,0,0,0,1,0%,0%,0,2
熱海港海釣り施設 写真,0,0,0,1,0%,0%,0,2
鳥羽マリンターミナル,0,0,0,1,0%,0%,0,2
黒鯛 レシピ,0,0,0,1,0%,0%,0,2
お支払い方法,0,0,0,1,0%,0%,0,3
オリジナルメーカー海釣り公園,0,0,0,1,0%,0%,0,3
シマアジ 生息域,0,0,0,1,0%,0%,0,3
シマアジ 釣り 九州,0,0,0,1,0%,0%,0,3
ダイソーハリス,0,0,0,1,0%,0%,0,3
チヌ レシピ,0,0,0,1,0%,0%,0,3
ハリス 5号,0,0,0,1,0%,0%,0,3
フィッシングパーク光 写真,0,0,0,1,0%,0%,0,3
南港魚釣り園駐車場,0,0,0,1,0%,0%,0,3
岬 釣り堀,0,0,0,1,0%,0%,0,3
志布志湾大黒イルカランド,0,0,0,1,0%,0%,0,3
海上釣り堀 岬,0,0,0,1,0%,0%,0,3
海釣り公園 駐車場,0,0,0,1,0%,0%,0,3
無料駐車場,0,0,0,1,0%,0%,0,3
縞鯵,0,0,0,1,0%,0%,0,3
舞鶴親海公園 レビュー,0,0,0,1,0%,0%,0,3
行けるの？,0,0,0,1,0%,0%,0,3
釣り 安く始める,0,0,0,1,0%,0%,0,3
魚,0,0,0,1,0%,0%,0,3
わいた 釣り,0,0,0,1,0%,0%,0,4
クエ鍋 レシピ 人気,0,0,0,1,0%,0%,0,4
フィッシング ランド 日向 タナ,0,0,0,1,0%,0%,0,4
フィッシング ランド 日向 攻略,0,0,0,1,0%,0%,0,4
フィッシングビレッジりな,0,0,0,1,0%,0%,0,4
代金,0,0,0,1,0%,0%,0,4
地元,0,0,0,1,0%,0%,0,4
城ヶ島 釣り 初心者,0,0,0,1,0%,0%,0,4
屋根ある？,0,0,0,1,0%,0%,0,4
岬海上釣り堀,0,0,0,1,0%,0%,0,4
岬釣り堀,0,0,0,1,0%,0%,0,4
沼津釣り堀,0,0,0,1,0%,0%,0,4
浅虫釣り公園,0,0,0,1,0%,0%,0,4
海上 釣り堀 オーパ,0,0,0,1,0%,0%,0,4
海上釣り堀 まるや,0,0,0,1,0%,0%,0,4
辨屋 予約,0,0,0,1,0%,0%,0,4
釣り堀 あなたに逢い鯛,0,0,0,1,0%,0%,0,4
雑賀崎シーパーク レビュー,0,0,0,1,0%,0%,0,4
べんや 三重,0,0,0,1,0%,0%,0,5
みさき公園 釣り堀,0,0,0,1,0%,0%,0,5
アジイワシ,0,0,0,1,0%,0%,0,5
シマアジ アジング,0,0,0,1,0%,0%,0,5
シマアジ釣り仕掛け,0,0,0,1,0%,0%,0,5
六時,0,0,0,1,0%,0%,0,5
南港 釣り堀,0,0,0,1,0%,0%,0,5
城ヶ島公園 釣り,0,0,0,1,0%,0%,0,5
海上釣り堀オーパ,0,0,0,1,0%,0%,0,5
深さ,0,0,0,1,0%,0%,0,5
深日漁協·海上釣り堀岬,0,0,0,1,0%,0%,0,5
由良の釣り堀,0,0,0,1,0%,0%,0,5
辨屋 釣果,0,0,0,1,0%,0%,0,5
釣りがしたい,0,0,0,1,0%,0%,0,5
釣り堀 雑賀崎,0,0,0,1,0%,0%,0,5
阿 多 田島 釣り,0,0,0,1,0%,0%,0,5
鴨池釣り公園,0,0,0,1,0%,0%,0,5
シマアジ ジギング,0,0,0,1,0%,0%,0,6
シマアジ タナ,0,0,0,1,0%,0%,0,6
レンタルタックル,0,0,0,1,0%,0%,0,6
浜部渡船,0,0,0,1,0%,0%,0,6
海釣り公園料金,0,0,0,1,0%,0%,0,6
海釣り施設 熱海,0,0,0,1,0%,0%,0,6
熱海港 釣り,0,0,0,1,0%,0%,0,6
真鯛 色,0,0,0,1,0%,0%,0,6
釣り堀 マルヨ 釣果,0,0,0,1,0%,0%,0,6
シマアジ 釣り方 ルアー,0,0,0,1,0%,0%,0,7
和歌山シーパーク,0,0,0,1,0%,0%,0,7
瀬戸田 釣り堀,0,0,0,1,0%,0%,0,7
石鯛 クチバシ,0,0,0,1,0%,0%,0,7
釣り堀 宮崎,0,0,0,1,0%,0%,0,7
あなたに逢い鯛 釣り堀 貸切,0,0,0,1,0%,0%,0,8
三重 佐助屋,0,0,0,1,0%,0%,0,8
南港 魚釣り園,0,0,0,1,0%,0%,0,8
宮津 海釣り公園,0,0,0,1,0%,0%,0,8
海遊 広島,0,0,0,1,0%,0%,0,8
海釣り公園 売店,0,0,0,1,0%,0%,0,8
海釣公園みかた,0,0,0,1,0%,0%,0,8
潮 黄色い なぜ,0,0,0,1,0%,0%,0,8
つり公園,0,0,0,1,0%,0%,0,9
和歌山マリーナシティ,0,0,0,1,0%,0%,0,9
大阪南港 魚つり園護岸,0,0,0,1,0%,0%,0,9
宮津海釣り公園,0,0,0,1,0%,0%,0,9
山口県 釣り堀 ランキング,0,0,0,1,0%,0%,0,9
釣り堀 佐助屋,0,0,0,1,0%,0%,0,9
釣り堀 安い,0,0,0,1,0%,0%,0,9
釣り堀 海釣り,0,0,0,1,0%,0%,0,9
釣り堀公園,0,0,0,1,0%,0%,0,9
あなたに逢い鯛 料金,0,0,0,1,0%,0%,0,10
クロダイ スイカ,0,0,0,1,0%,0%,0,10
ハリス 長さ,0,0,0,1,0%,0%,0,10
初夏 青物,0,0,0,1,0%,0%,0,10
大原 シマアジ 仕掛け,0,0,0,1,0%,0%,0,10
宮津釣り堀,0,0,0,1,0%,0%,0,10
松 栄丸 シマアジ 仕掛け,0,0,0,1,0%,0%,0,10
松浦 釣り堀,0,0,0,1,0%,0%,0,10
海上釣堀 大漁丸 レビュー,0,0,0,1,0%,0%,0,10
由良海,0,0,0,1,0%,0%,0,10
苫小牧一本防波堤 サクラマス,0,0,0,1,0%,0%,0,10
釣り 曇り 釣れる,0,0,0,1,0%,0%,0,10
釣り堀 いくら,0,0,0,1,0%,0%,0,10
釣り堀 海遊,0,0,0,1,0%,0%,0,10
釣り堀 練り 餌 付け方,0,0,0,1,0%,0%,0,10
須磨海岸 釣果,0,0,0,1,0%,0%,0,10
飛島釣り公園,0,0,0,1,0%,0%,0,10
さすけや,0,0,0,1,0%,0%,0,11
ヒラマサ ドラグ設定,0,0,0,1,0%,0%,0,11
フィッシングパーク,0,0,0,1,0%,0%,0,11
大洗海釣り公園,0,0,0,1,0%,0%,0,11
大阪南港魚釣り園護岸,0,0,0,1,0%,0%,0,11
姫路遊漁センター 釣果,0,0,0,1,0%,0%,0,11
宮津 海洋釣り場,0,0,0,1,0%,0%,0,11
徳島 釣り堀 子供,0,0,0,1,0%,0%,0,11
海上釣堀 ライン 号数,0,0,0,1,0%,0%,0,11
海上釣堀湯浅 レビュー,0,0,0,1,0%,0%,0,11
由良 筏釣り,0,0,0,1,0%,0%,0,11
石鯛の歯,0,0,0,1,0%,0%,0,11
筏釣り トイレ,0,0,0,1,0%,0%,0,11
近くの釣り場 海,0,0,0,1,0%,0%,0,11
関東海上釣り堀,0,0,0,1,0%,0%,0,11
ここから近い漁港,0,0,0,1,0%,0%,0,12
アジが釣りたい,0,0,0,1,0%,0%,0,12
クチコミ 若狭高浜海釣り公園 件,0,0,0,1,0%,0%,0,12
三重 釣り 手ぶら,0,0,0,1,0%,0%,0,12
仮屋 湾遊漁センター コツ,0,0,0,1,0%,0%,0,12
北海道 釣り堀 海,0,0,0,1,0%,0%,0,12
南港魚釣り園 時間,0,0,0,1,0%,0%,0,12
姫路釣り公園,0,0,0,1,0%,0%,0,12
桜島 釣り堀,0,0,0,1,0%,0%,0,12
海上釣堀 ハリス 何号,0,0,0,1,0%,0%,0,12
由良海洋釣堀,0,0,0,1,0%,0%,0,12
釣り 曇り,0,0,0,1,0%,0%,0,12
釣り堀 夜,0,0,0,1,0%,0%,0,12
須磨海釣り公園釣果,0,0,0,1,0%,0%,0,12
黒潮市場 釣り,0,0,0,1,0%,0%,0,12
とっとパーク 料金,0,0,0,1,0%,0%,0,13
はさま浦 釣り堀 センター レビュー,0,0,0,1,0%,0%,0,13
新舞子釣り公園,0,0,0,1,0%,0%,0,13
福寿丸釣り堀,0,0,0,1,0%,0%,0,13
イサキ 棚,0,0,0,1,0%,0%,0,14
明石 アットシー,0,0,0,1,0%,0%,0,14
松阪 釣り堀,0,0,0,1,0%,0%,0,14
湯浅釣り堀,0,0,0,1,0%,0%,0,14
はさま浦,0,0,0,1,0%,0%,0,15
イサキ 食性,0,0,0,1,0%,0%,0,15
伊勢志摩 釣り堀,0,0,0,1,0%,0%,0,15
指ドラグ,0,0,0,1,0%,0%,0,15
イサキ 湯霜造り,0,0,0,1,0%,0%,0,16
シーパークにゅう,0,0,0,1,0%,0%,0,16
日向湖 釣り堀,0,0,0,1,0%,0%,0,16
海釣り 朝マズメ,0,0,0,1,0%,0%,0,16
生口島釣り堀,0,0,0,1,0%,0%,0,16
西伊豆 釣り堀,0,0,0,1,0%,0%,0,16
釣り堀 四国,0,0,0,1,0%,0%,0,16
クロダイ ダンゴ釣り,0,0,0,1,0%,0%,0,17
岩手 青物 回遊 ルート,0,0,0,1,0%,0%,0,17
新潟 釣り堀 海,0,0,0,1,0%,0%,0,17
梅雨 青物,0,0,0,1,0%,0%,0,17
海上 釣堀 大漁丸 クチコミ,0,0,0,1,0%,0%,0,17
福岡 釣り 手ぶら,0,0,0,1,0%,0%,0,17
答志島 釣果,0,0,0,1,0%,0%,0,17
高島 釣り レンタル,0,0,0,1,0%,0%,0,17
魚 雨,0,0,0,1,0%,0%,0,17
マリーナシティ釣り堀,0,0,0,1,0%,0%,0,18
新潟 海上釣り堀,0,0,0,1,0%,0%,0,18
篠島釣り堀,0,0,0,1,0%,0%,0,18
鹿児島釣り,0,0,0,1,0%,0%,0,18
ひるが 釣り堀,0,0,0,1,0%,0%,0,19
ひるが海上釣堀 料金,0,0,0,1,0%,0%,0,19
イサキ 白子 炙り,0,0,0,1,0%,0%,0,19
勇払 マリーナ 釣り,0,0,0,1,0%,0%,0,19
姫路釣り,0,0,0,1,0%,0%,0,19
安戸池 ハマチ 販売,0,0,0,1,0%,0%,0,19
日向湖,0,0,0,1,0%,0%,0,19
海上 釣り堀 エサ シマアジ,0,0,0,1,0%,0%,0,19
海上 釣り堀 安い 関西,0,0,0,1,0%,0%,0,19
田尻漁港 釣り堀,0,0,0,1,0%,0%,0,19
釣り堀徳島,0,0,0,1,0%,0%,0,19
ハリス 6号,0,0,0,1,0%,0%,0,20
仮屋 湾 西 遊漁センター 料金,0,0,0,1,0%,0%,0,20
南港 魚釣り 園 釣れない,0,0,0,1,0%,0%,0,20
小豆島 坂手 港 釣り マダイ,0,0,0,1,0%,0%,0,20
筏 釣り トイレ,0,0,0,1,0%,0%,0,20
イサキ 松皮造り,0,0,0,1,0%,0%,0,21
傳八屋 水深,0,0,0,1,0%,0%,0,21
北陸 釣り堀,0,0,0,1,0%,0%,0,21
由良 釣り堀 釣れない,0,0,0,1,0%,0%,0,21
和歌山 釣り堀 手ぶら,0,0,0,1,0%,0%,0,22
広島 釣り堀 海,0,0,0,1,0%,0%,0,22
徳島釣り堀,0,0,0,1,0%,0%,0,22
釣り堀 初心者 コツ,0,0,0,1,0%,0%,0,22
雨の日は釣れる,0,0,0,1,0%,0%,0,22
三浦半島 釣り堀,0,0,0,1,0%,0%,0,23
海恵 休業 理由,0,0,0,1,0%,0%,0,23
神奈川 海 釣り堀,0,0,0,1,0%,0%,0,23
とっ と パーク小島 攻略,0,0,0,1,0%,0%,0,24
とっと小島,0,0,0,1,0%,0%,0,24
ミャク釣り,0,0,0,1,0%,0%,0,24
和歌山 釣り 公園,0,0,0,1,0%,0%,0,24
和歌山魚釣り公園,0,0,0,1,0%,0%,0,24
小豆島 釣り 手ぶら,0,0,0,1,0%,0%,0,24
サーモン 釣り堀 関東,0,0,0,1,0%,0%,0,25
福井 ひるが海上釣り堀,0,0,0,1,0%,0%,0,25
釣り堀 舞鶴,0,0,0,1,0%,0%,0,25
ジャンボフィッシング村 攻略,0,0,0,1,0%,0%,0,26
南港 海釣り公園 閉鎖,0,0,0,1,0%,0%,0,26
宮崎県 イルカランド,0,0,0,1,0%,0%,0,26
山口 釣り スポット,0,0,0,1,0%,0%,0,26
玄海 釣り堀,0,0,0,1,0%,0%,0,26
舞鶴 釣り,0,0,0,1,0%,0%,0,26
舞鶴海釣り公園,0,0,0,1,0%,0%,0,26
賢島 釣り場,0,0,0,1,0%,0%,0,26
釣り堀 オーパ 予約 状況,0,0,0,1,0%,0%,0,26
クチコミ フィッシングパーク光 件,0,0,0,1,0%,0%,0,27
メジナ 刺身 まずい,0,0,0,1,0%,0%,0,27
京都 海釣り公園,0,0,0,1,0%,0%,0,27
釣り堀仙台,0,0,0,1,0%,0%,0,27
釣り堀佐賀,0,0,0,1,0%,0%,0,27
イサキ 白子 レシピ,0,0,0,1,0%,0%,0,28
姫路 サーモン,0,0,0,1,0%,0%,0,28
釣り堀 山口,0,0,0,1,0%,0%,0,28
兵庫県 釣り堀 海,0,0,0,1,0%,0%,0,29
釣り堀 マルヨ 評判,0,0,0,1,0%,0%,0,29
関東 海上 釣り堀,0,0,0,1,0%,0%,0,29
海上釣り堀福井,0,0,0,1,0%,0%,0,30
真鯛 熟成,0,0,0,1,0%,0%,0,30
釣り 福岡 手ぶら,0,0,0,1,0%,0%,0,30
小浜筏,0,0,0,1,0%,0%,0,31
広島 筏釣り トイレ,0,0,0,1,0%,0%,0,31
若狭 筏釣り,0,0,0,1,0%,0%,0,31
釣り堀 敦賀,0,0,0,1,0%,0%,0,31
雨の日 釣れる,0,0,0,1,0%,0%,0,31
大阪 釣り堀 安い,0,0,0,1,0%,0%,0,32
海上 釣り堀 福井,0,0,0,1,0%,0%,0,32
関西海上釣り堀,0,0,0,1,0%,0%,0,32
三重 海上釣堀,0,0,0,1,0%,0%,0,33
大阪 南港 釣り,0,0,0,1,0%,0%,0,33
大三島 釣り,0,0,0,1,0%,0%,0,34
海上釣り堀 関西,0,0,0,1,0%,0%,0,34
海上釣堀 三重,0,0,0,1,0%,0%,0,34
苫小牧 釣りスポット,0,0,0,1,0%,0%,0,34
釣り堀 北海道,0,0,0,1,0%,0%,0,34
釣り堀北海道,0,0,0,1,0%,0%,0,34
鳥羽 釣り堀,0,0,0,1,0%,0%,0,34
鳥羽釣り堀,0,0,0,1,0%,0%,0,34
和歌山釣り堀,0,0,0,1,0%,0%,0,35
海上釣堀 脈釣り 仕掛け,0,0,0,1,0%,0%,0,35
筏 釣り 福井,0,0,0,1,0%,0%,0,35
高島 釣り公園,0,0,0,1,0%,0%,0,35
カンパチ 美味しい食べ方,0,0,0,1,0%,0%,0,36
マルヨ 海上釣堀,0,0,0,1,0%,0%,0,36
朝 釣り,0,0,0,1,0%,0%,0,36
東北 釣り堀,0,0,0,1,0%,0%,0,36
迫浦釣り堀センター,0,0,0,1,0%,0%,0,36
高浜 釣り,0,0,0,1,0%,0%,0,36
魚釣り 大阪,0,0,0,1,0%,0%,0,36
ゆら海釣り公園,0,0,0,1,0%,0%,0,37
ワラサ メジロ,0,0,0,1,0%,0%,0,37
和歌山海釣り公園,0,0,0,1,0%,0%,0,37
大阪 海釣り公園,0,0,0,1,0%,0%,0,37
真鯛 時期,0,0,0,1,0%,0%,0,37
筏釣り 福井,0,0,0,1,0%,0%,0,37
舞鶴親海公園 釣れる魚,0,0,0,1,0%,0%,0,37
南港 釣り公園,0,0,0,1,0%,0%,0,38
大阪 釣り堀 手ぶら,0,0,0,1,0%,0%,0,38
大阪釣り堀,0,0,0,1,0%,0%,0,38
苫小牧 サクラマス ポイント,0,0,0,1,0%,0%,0,38
魚 嗅覚,0,0,0,1,0%,0%,0,38
ひるが海上釣堀,0,0,0,1,0%,0%,0,39
スズキ 塩焼き 臭み,0,0,0,1,0%,0%,0,39
佐賀関 アジング,0,0,0,1,0%,0%,0,39
岩手 釣り堀,0,0,0,1,0%,0%,0,39
新舞子 釣り,0,0,0,1,0%,0%,0,39
釣り公園 大阪,0,0,0,1,0%,0%,0,39
釣り堀 岩手,0,0,0,1,0%,0%,0,39
静岡 海釣り 手ぶら,0,0,0,1,0%,0%,0,39
ゆら 海 釣り 公園,0,0,0,1,0%,0%,0,40
由良海釣り公園 場所 取り,0,0,0,1,0%,0%,0,40
福井県 筏釣り おすすめ,0,0,0,1,0%,0%,0,40
釣り堀和歌山,0,0,0,1,0%,0%,0,40
関アジ釣り,0,0,0,1,0%,0%,0,40
香川釣り堀,0,0,0,1,0%,0%,0,40
海上釣堀 脈釣り,0,0,0,1,0%,0%,0,41
釣りおじさん ミャク釣り仕掛け,0,0,0,1,0%,0%,0,41
南伊勢 釣り堀,0,0,0,1,0%,0%,0,42
新舞子マリンパーク 釣果,0,0,0,1,0%,0%,0,42
釣り堀 大阪 食べ れる,0,0,0,1,0%,0%,0,42
鴨池海づり公園 レビュー,0,0,0,1,0%,0%,0,42
福井 筏,0,0,0,1,0%,0%,0,43
雨 魚,0,0,0,1,0%,0%,0,43
松坂 釣り,0,0,0,1,0%,0%,0,44
海釣り公園 鴨池,0,0,0,1,0%,0%,0,44
鯛 時期,0,0,0,1,0%,0%,0,44
釣り 公園 和歌山,0,0,0,1,0%,0%,0,45
釣り堀 山形,0,0,0,1,0%,0%,0,45
釣り堀仕掛け,0,0,0,1,0%,0%,0,45
須佐 釣り,0,0,0,1,0%,0%,0,45
クエ 食べ方,0,0,0,1,0%,0%,0,46
浜松 海釣り公園,0,0,0,1,0%,0%,0,46
釣り雨の日,0,0,0,1,0%,0%,0,46
雨の日釣り,0,0,0,1,0%,0%,0,47
千葉 海 釣り堀,0,0,0,1,0%,0%,0,48
南港 魚釣り 園 駐 車場,0,0,0,1,0%,0%,0,48
雨の日の釣り,0,0,0,1,0%,0%,0,48
フィッシング 日向,0,0,0,1,0%,0%,0,49
三軒茶屋 釣り堀,0,0,0,1,0%,0%,0,49
志摩 釣り堀,0,0,0,1,0%,0%,0,49
新潟 海釣り公園,0,0,0,1,0%,0%,0,49
糸と糸の結び方 最強,0,0,0,1,0%,0%,0,49
鹿児島海釣り公園,0,0,0,1,0%,0%,0,49
篠島 釣り レンタル,0,0,0,1,0%,0%,0,50
釣り堀 天草,0,0,0,1,0%,0%,0,50
フィッシング日向,0,0,0,1,0%,0%,0,51
上越 釣り堀,0,0,0,1,0%,0%,0,51
千葉 釣り堀 海,0,0,0,1,0%,0%,0,51
海上 釣り堀 愛知,0,0,0,1,0%,0%,0,51
福井釣り堀,0,0,0,1,0%,0%,0,51
カンパチ 味,0,0,0,1,0%,0%,0,52
福井 釣り堀,0,0,0,1,0%,0%,0,52
美浜 釣り堀,0,0,0,1,0%,0%,0,53
ハリス とは,0,0,0,1,0%,0%,0,54
南港 釣り園,0,0,0,1,0%,0%,0,54
姫路釣り堀,0,0,0,1,0%,0%,0,54
宮津 釣り場,0,0,0,1,0%,0%,0,54
静岡県 釣りスポット,0,0,0,1,0%,0%,0,54
釣り堀新潟,0,0,0,1,0%,0%,0,55
関西 釣り場 無料,0,0,0,1,0%,0%,0,55
マダイ釣り方,0,0,0,1,0%,0%,0,56
スズキ 洗い,0,0,0,1,0%,0%,0,57
大島 釣り場,0,0,0,1,0%,0%,0,57
海上釣り堀 日向,0,0,0,1,0%,0%,0,58
海上釣り堀日向,0,0,0,1,0%,0%,0,58
釣り堀 千葉県,0,0,0,1,0%,0%,0,58
伊豆 釣り堀 海,0,0,0,1,0%,0%,0,59
釣り堀三重県,0,0,0,1,0%,0%,0,59
釣り堀 三重県,0,0,0,1,0%,0%,0,60
釣り堀 伊豆,0,0,0,1,0%,0%,0,60
釣り堀 東京,0,0,0,1,0%,0%,0,60
海上釣り堀 三重,0,0,0,1,0%,0%,0,61
黒鯛締め方,0,0,0,1,0%,0%,0,62
メジナ まずい,0,0,0,1,0%,0%,0,63
メジナ 刺身,0,0,0,1,0%,0%,0,63
土肥 釣り場,0,0,0,1,0%,0%,0,63
新潟 海 釣り,0,0,0,1,0%,0%,0,66
新居弁天 海釣公園,0,0,0,1,0%,0%,0,69
新居 弁天 海 釣 公園,0,0,0,1,0%,0%,0,74
釣りハリスとは,0,0,0,1,0%,0%,0,75
三方五湖 釣り,0,0,0,1,0%,0%,0,78
メジナ 旬,0,0,0,1,0%,0%,0,100
静岡 釣り,0,0,0,1,0%,0%,0,143