上位のページ,2026/07/04 - 2026/07/11 クリック数,2026/06/06 - 2026/07/04 クリック数,2026/07/04 - 2026/07/11 表示回数,2026/06/06 - 2026/07/04 表示回数,2026/07/04 - 2026/07/11 CTR,2026/06/06 - 2026/07/04 CTR,2026/07/04 - 2026/07/11 掲載順位,2026/06/06 - 2026/07/04 掲載順位
https://kaijo-fishing.com/blog/himeji-city-fishing-center/,24,48,184,549,13.04%,8.74%,5.18,5.41
https://kaijo-fishing.com/blog/itoman-ikada-tsurigu-no-zousan/,19,59,125,536,15.2%,11.01%,5,6.98
https://kaijo-fishing.com/blog/shibushi-bay-daikoku-dolphin-land/,17,36,136,295,12.5%,12.2%,6.37,6.59
https://kaijo-fishing.com/blog/waita-sea-fishing-pier/,12,9,128,173,9.38%,5.2%,9.56,8.84
https://kaijo-fishing.com/blog/wakasa-takahama-sea-fishing-park/,10,4,48,43,20.83%,9.3%,11.75,12.23
https://kaijo-fishing.com/blog/yuharai-pond/,9,28,65,261,13.85%,10.73%,7.18,7.56
https://kaijo-fishing.com/blog/kashikojima-fishing-park-kaiyuen/,8,3,77,89,10.39%,3.37%,9.52,11.85
https://kaijo-fishing.com/blog/wakayama-marinacity-fishing-park/,7,3,65,134,10.77%,2.24%,13.85,17.66
https://kaijo-fishing.com/blog/column/ranking/kansai/,5,14,54,182,9.26%,7.69%,8.63,11.98
https://kaijo-fishing.com/blog/seapark-nyu/,5,15,42,157,11.9%,9.55%,14.45,12.2
https://kaijo-fishing.com/column/trivia/seat-selection-strategy/,5,6,41,72,12.2%,8.33%,5.05,5.32
https://kaijo-fishing.com/blog/mukai-pearl-marine/,4,5,133,368,3.01%,1.36%,8.23,9.37
https://kaijo-fishing.com/blog/kamoike-sea-fishing-park/,4,16,88,231,4.55%,6.93%,10.35,11.86
https://kaijo-fishing.com/blog/kaijo-tsuribori-opa/,4,2,27,38,14.81%,5.26%,5.59,9.16
https://kaijo-fishing.com/blog/nanko-fishing-park/,3,20,261,791,1.15%,2.53%,8.87,9.61
https://kaijo-fishing.com/blog/maizuru-shinkai-park/,3,11,95,286,3.16%,3.85%,12.25,11.16
https://kaijo-fishing.com/blog/takashima-tobishima-isotsuri-park/,3,7,88,167,3.41%,4.19%,11.83,12.51
https://kaijo-fishing.com/blog/sea-fishing-land/,3,1,53,12,5.66%,8.33%,11.55,8.42
https://kaijo-fishing.com/blog/ishidai-strategy/,3,3,47,61,6.38%,4.92%,6.83,9.11
https://kaijo-fishing.com/blog/tactics/gear/harris-importance/,3,7,37,187,8.11%,3.74%,11.78,10.75
https://kaijo-fishing.com/blog/raft-fishing-takahashi/,3,3,27,13,11.11%,23.08%,11.22,15.85
https://kaijo-fishing.com/blog/hiruga-sea-fishing-pond/,3,6,26,132,11.54%,4.55%,13.08,16.13
https://kaijo-fishing.com/fishing-facility/hiake-kaikyo-fishing-park/,3,1,13,26,23.08%,3.85%,7,7.96
https://kaijo-fishing.com/blog/kaijo-tsuribori-at-sea/,2,8,176,648,1.14%,1.23%,10.4,10.52
https://kaijo-fishing.com/blog/family-tsuribori-tsutteminde/,2,7,158,417,1.27%,1.68%,9.54,9.83
https://kaijo-fishing.com/blog/shinojima-tsuri-tengoku/,2,4,104,219,1.92%,1.83%,10.41,12.33
https://kaijo-fishing.com/fishing-facility/east-japan/,2,7,94,301,2.13%,2.33%,11.3,11.3
https://kaijo-fishing.com/blog/shinmaiko-marine-park-fishing/,2,4,82,130,2.44%,3.08%,11.93,10.6
https://kaijo-fishing.com/blog/umizuri-port-tajiri/,2,18,70,371,2.86%,4.85%,12.3,8.39
https://kaijo-fishing.com/column/ranking/kansai/,2,7,66,106,3.03%,6.6%,12.3,25.37
https://kaijo-fishing.com/blog/ugata-hamatsuri-center/,2,6,59,79,3.39%,7.59%,7.63,8.81
https://kaijo-fishing.com/fishing-facility/west-japan/osaka/,2,0,59,221,3.39%,0%,32.68,37.37
https://kaijo-fishing.com/blog/matsunase-fishing-park/,2,7,45,115,4.44%,6.09%,16.76,12.5
https://kaijo-fishing.com/blog/kariyawan-fishing-center/,2,13,44,172,4.55%,7.56%,18.2,15.73
https://kaijo-fishing.com/blog/fishing-bridge-akasaki/,2,7,39,99,5.13%,7.07%,8.62,8.75
https://kaijo-fishing.com/tactics/fish-strategy/madai/theory/,2,1,34,31,5.88%,3.23%,5.85,6.74
https://kaijo-fishing.com/blog/naoetsu-port-3rd-east-breakwater/,2,0,33,13,6.06%,0%,7.3,9.15
https://kaijo-fishing.com/blog/isaki/,2,9,32,60,6.25%,15%,7.91,8.62
https://kaijo-fishing.com/column/travel/fish-shipping-guide/,2,0,30,0,6.67%,0%,7.5,0
https://kaijo-fishing.com/blog/fishing-park-hikari/,2,0,24,43,8.33%,0%,11.5,10.53
https://kaijo-fishing.com/blog/shodoshima-furusatomura-fishing-pier/,2,3,7,24,28.57%,12.5%,11.71,5.88
https://kaijo-fishing.com/fishing-facility/seapark-nyu/,2,0,4,2,50%,0%,7.5,7
https://kaijo-fishing.com/blog/tactics/fish-strategy/hiramasa/,2,1,3,7,66.67%,14.29%,3,10.29
https://kaijo-fishing.com/blog/totto-park-koshima/,1,2,66,76,1.52%,2.63%,8.2,10.75
https://kaijo-fishing.com/blog/asamushi-sea-fishing-park/,1,1,54,46,1.85%,2.17%,16.43,15.54
https://kaijo-fishing.com/blog/kaijo-tsuribori-kaiyu/,1,3,45,165,2.22%,1.82%,9.89,10.24
https://kaijo-fishing.com/tactics/fish-strategy/shimaji/,1,3,42,151,2.38%,1.99%,6.98,7.42
https://kaijo-fishing.com/blog/yura-marine-fishing-pond/,1,6,42,89,2.38%,6.74%,9.29,9.45
https://kaijo-fishing.com/blog/tsuribori-kishu/,1,3,42,62,2.38%,4.84%,10.38,10.1
https://kaijo-fishing.com/tactics/beginner/tide-basics/,1,0,40,26,2.5%,0%,8.62,9.77
https://kaijo-fishing.com/blog/tomakomai-port-sea-fishing-facility/,1,1,32,67,3.12%,1.49%,15.16,10.49
https://kaijo-fishing.com/blog/atami-port-sea-fishing-facility/,1,1,30,44,3.33%,2.27%,9.97,9.61
https://kaijo-fishing.com/blog/tsuribori-maruyo/,1,2,27,106,3.7%,1.89%,10,11.4
https://kaijo-fishing.com/blog/tactics/fish-strategy/chinu/gourmet/,1,2,25,79,4%,2.53%,8.64,9.23
https://kaijo-fishing.com/column/trivia/july-sea-temperature-lag-guide/,1,0,24,47,4.17%,0%,7.96,8.19
https://kaijo-fishing.com/blog/fishing-park-sasukeya/,1,5,24,121,4.17%,4.13%,13.96,14.16
https://kaijo-fishing.com/fishing-facility/center-japan/,1,5,20,63,5%,7.94%,8.25,7.24
https://kaijo-fishing.com/tactics/fish-strategy/isaki/,1,1,18,35,5.56%,2.86%,5.67,7.74
https://kaijo-fishing.com/tactics/fish-strategy/kanpachi/,1,1,17,50,5.88%,2%,7.53,7.8
https://kaijo-fishing.com/blog/column/trivia/how-to-cook-kampachi/,1,6,17,118,5.88%,5.08%,7.65,11.05
https://kaijo-fishing.com/blog/ikadatsuri-tokai/,1,2,17,39,5.88%,5.13%,10,9.23
https://kaijo-fishing.com/blog/shimanami-kaido-fishing-park/,1,3,17,17,5.88%,17.65%,11.06,10.35
https://kaijo-fishing.com/tactics/gear/knot-strength-test/,1,7,16,58,6.25%,12.07%,13.31,11.03
https://kaijo-fishing.com/fishing-facility/wakayama-marinacity-fishing-park/,1,1,16,26,6.25%,3.85%,33.06,28.42
https://kaijo-fishing.com/blog/naoshima-fishing-park/,1,3,15,52,6.67%,5.77%,10.6,10.02
https://kaijo-fishing.com/blog/tactics/beginner/bait-guide/,1,0,15,21,6.67%,0%,10.6,8.71
https://kaijo-fishing.com/fishing-facility/tomakomai-port-sea-fishing-facility/,1,0,15,0,6.67%,0%,12.73,0
https://kaijo-fishing.com/fishing-facility/asamushi-sea-fishing-park/,1,1,15,61,6.67%,1.64%,25.4,13.41
https://kaijo-fishing.com/fishing-facility/center-japan/shizuoka/fishing-park-toi/,1,0,14,24,7.14%,0%,11.43,23.42
https://kaijo-fishing.com/fishing-facility/jumbo-fishing-mura/,1,0,12,21,8.33%,0%,35.25,32.62
https://kaijo-fishing.com/fishing-facility/tsuruga-city-sea-fishing-park/,1,2,10,22,10%,9.09%,4.5,14.23
https://kaijo-fishing.com/,1,4,9,70,11.11%,5.71%,1.33,5.46
https://kaijo-fishing.com/column/travel/august-summer-release-facilities/,1,0,9,12,11.11%,0%,6.56,7.5
https://kaijo-fishing.com/blog/tactics/fish-strategy/fugu/advanced/,1,0,9,21,11.11%,0%,7.67,8.9
https://kaijo-fishing.com/column/travel/oita-saganoseki-trip/,1,0,9,42,11.11%,0%,15.78,12.21
https://kaijo-fishing.com/tactics/gear/,1,2,9,18,11.11%,11.11%,21.78,16.78
https://kaijo-fishing.com/fishing-facility/fishing-land-hyuga/,1,1,9,42,11.11%,2.38%,31.22,25.12
https://kaijo-fishing.com/column/ranking/chugoku-shikoku/,1,4,8,77,12.5%,5.19%,7.25,11.97
https://kaijo-fishing.com/fishing-facility/sea-fishing-park-mikata/,1,2,7,21,14.29%,9.52%,5.57,6.05
https://kaijo-fishing.com/blog/column/trivia/tsuyu-rainy-day-strategy/,1,8,7,115,14.29%,6.96%,6.71,8.26
https://kaijo-fishing.com/fishing-facility/sendai-port-central-park-sea-square,1,0,7,6,14.29%,0%,9.29,7.83
https://kaijo-fishing.com/fishing-facility/obama-city-fishing-coop-raft/,1,0,6,5,16.67%,0%,6.5,8
https://kaijo-fishing.com/column/trivia/rental-tackle-honest-review/,1,2,5,35,20%,5.71%,5.8,8.29
https://kaijo-fishing.com/blog/cost-calculation-guide/,1,1,5,36,20%,2.78%,6.4,10.06
https://kaijo-fishing.com/fishing-facility/araibenten-sea-fishing-park,1,1,5,10,20%,10%,13.6,9.8
https://kaijo-fishing.com/blog/shinkamigoto-sea-fishing-pond/,1,5,5,51,20%,9.8%,15.2,8.65
https://kaijo-fishing.com/blog/hook-size-science/,1,1,4,14,25%,7.14%,5.75,7.07
https://kaijo-fishing.com/column/trivia/tsuyu-muddy-water-rig-guide/,1,0,4,7,25%,0%,5.75,6
https://kaijo-fishing.com/column/trivia/july-ice-management-guide/,1,0,4,24,25%,0%,6.75,8.38
https://kaijo-fishing.com/fishing-facility/kaijo-tsuribori-taikoubou/,1,1,4,10,25%,10%,7.5,9.5
https://kaijo-fishing.com/blog/suzuki-strategy/,1,1,3,3,33.33%,33.33%,5.67,4
https://kaijo-fishing.com/blog/tsuribori-denpachiya/,1,3,3,30,33.33%,10%,8.33,11.83
https://kaijo-fishing.com/column/trivia/january-kanburi-fat-science/,1,1,2,1,50%,100%,4,7
https://kaijo-fishing.com/column/trivia/july-summer-research-guide/,1,0,2,2,50%,0%,4,8
https://kaijo-fishing.com/blog/column/trivia/morning-vs-afternoon-battle/,1,1,2,11,50%,9.09%,7,6.45
https://kaijo-fishing.com/column/travel/hamanako-unagi-trip/,1,0,2,9,50%,0%,7,6.44
https://kaijo-fishing.com/blog/obama-city-fishing-coop-raft/,1,5,2,88,50%,5.68%,7.5,13.66
https://kaijo-fishing.com/fishing-facility/wakasa-takahama-sea-fishing-park/,1,0,2,1,50%,0%,8,8
https://kaijo-fishing.com/blog/oita-saganoseki-trip/,1,2,2,10,50%,20%,8.5,8.7
https://kaijo-fishing.com/column/travel/september-silver-week-quiet-spots-guide/,1,0,1,26,100%,0%,2,13.23
https://kaijo-fishing.com/column/trivia/hook-size-science,1,1,1,8,100%,12.5%,5,6.75
https://kaijo-fishing.com/column/trivia/fish-pressure-mechanism,1,0,1,1,100%,0%,6,10
https://kaijo-fishing.com/column/trivia/sashimi-value-comparison/,1,0,1,5,100%,0%,8,5.8
https://kaijo-fishing.com/blog/susawan-fishing-park/,1,1,1,19,100%,5.26%,11,8.21
https://kaijo-fishing.com/fishing-facility/east-japan/ibaraki/,1,0,1,6,100%,0%,11,25.67
https://kaijo-fishing.com/blog/tactics/fish-strategy/madai/,1,1,1,15,100%,6.67%,18,16.93
https://kaijo-fishing.com/blog/fishing-facility/east-japan/,0,3,78,79,0%,3.8%,32.73,21.7
https://kaijo-fishing.com/blog/tsuri-ikada-fukaura/,0,11,55,245,0%,4.49%,8.45,9.23
https://kaijo-fishing.com/blog/miyazu-city-marine-fishing-park/,0,1,41,57,0%,1.75%,12.85,11.39
https://kaijo-fishing.com/blog/fishing-facility/west-japan/,0,0,38,74,0%,0%,25.34,26.22
https://kaijo-fishing.com/fishing-facility/east-japan/miyagi/,0,5,35,75,0%,6.67%,20.89,16.73
https://kaijo-fishing.com/fishing-facility/nanko-fishing-park/,0,5,32,62,0%,8.06%,24.53,25.55
https://kaijo-fishing.com/blog/yura-sea-fishing-park/,0,6,26,96,0%,6.25%,14.31,21.33
https://kaijo-fishing.com/blog/saltlake-hiketa-adoike/,0,0,24,65,0%,0%,29.5,26.49
https://kaijo-fishing.com/blog/awaji-janohire-fishing-park,0,0,23,0,0%,0%,17.22,0
https://kaijo-fishing.com/blog/kaijo-tsuribori-tairyomaru/,0,3,22,54,0%,5.56%,8.05,15.57
https://kaijo-fishing.com/fishing-facility/totto-park-koshima/,0,0,21,142,0%,0%,14.05,11.2
https://kaijo-fishing.com/blog/kanpachi-strategy/,0,0,19,8,0%,0%,8.74,12.38
https://kaijo-fishing.com/column/trivia/tana-basics/,0,5,18,74,0%,6.76%,6.28,7.26
https://kaijo-fishing.com/blog/kakata-fishing-pond/,0,0,18,35,0%,0%,9.11,9.29
https://kaijo-fishing.com/fishing-facility/west-japan/,0,1,18,152,0%,0.66%,23.94,17.39
https://kaijo-fishing.com/blog/rainy-day-fishing-truth/,0,0,18,87,0%,0%,33.39,27.11
https://kaijo-fishing.com/blog/fukuoka-city-sea-fishing-park/,0,1,17,22,0%,4.55%,7.47,7.82
https://kaijo-fishing.com/fishing-facility/,0,2,17,57,0%,3.51%,34.53,11.37
https://kaijo-fishing.com/column/trivia/rainy-day-fishing-truth/,0,0,16,55,0%,0%,8.12,8.76
https://kaijo-fishing.com/blog/kaijo-tsuribori-maruya/,0,1,15,71,0%,1.41%,12.2,11.21
https://kaijo-fishing.com/blog/tsuruga-city-sea-fishing-park/,0,0,14,10,0%,0%,9.43,7.5
https://kaijo-fishing.com/blog/column/travel/june-all-weather-facilities/,0,5,14,62,0%,8.06%,9.79,7.77
https://kaijo-fishing.com/tactics/gear/harris-importance,0,2,12,53,0%,3.77%,7.92,8.83
https://kaijo-fishing.com/column/trivia/night-fishing-biology/,0,0,12,82,0%,0%,9.5,8.44
https://kaijo-fishing.com/blog/araibenten-sea-fishing-park/,0,2,12,38,0%,5.26%,9.83,19.18
https://kaijo-fishing.com/fishing-facility/umingu-oshima/,0,0,12,16,0%,0%,27.67,38.44
https://kaijo-fishing.com/blog/hasamaura-fishing-center/,0,5,11,72,0%,6.94%,12.73,13.94
https://kaijo-fishing.com/fishing-facility/anatani-aitai-fishing/,0,0,10,7,0%,0%,5.4,7.29
https://kaijo-fishing.com/column/travel/cooler-box-guide/,0,0,10,0,0%,0%,6.8,0
https://kaijo-fishing.com/column/trivia/summer-heat-fishing-tips/,0,0,10,13,0%,0%,8,9.46
https://kaijo-fishing.com/tactics/fish-strategy/kue/gourmet/,0,1,10,104,0%,0.96%,8.1,8.63
https://kaijo-fishing.com/blog/fishing-park-omishima/,0,3,10,71,0%,4.23%,8.8,16.9
https://kaijo-fishing.com/fishing-facility/yura-marine-fishing-pond/,0,0,10,0,0%,0%,14.3,0
https://kaijo-fishing.com/fishing-facility/west-japan/yamaguchi/,0,1,10,49,0%,2.04%,16.2,18.57
https://kaijo-fishing.com/blog/tactics/fish-strategy/isaki/gourmet/,0,6,9,98,0%,6.12%,5.78,8.54
https://kaijo-fishing.com/blog/cloudy-day-advantage/,0,0,9,102,0%,0%,7.89,8.03
https://kaijo-fishing.com/blog/kaijo-tsuribori-yuasa/,0,4,9,68,0%,5.88%,8,10.99
https://kaijo-fishing.com/fishing-facility/suma-sea-fishing-park/,0,0,9,6,0%,0%,8.33,13.33
https://kaijo-fishing.com/blog/saikakizaki-seapark/,0,2,9,62,0%,3.23%,8.78,14.52
https://kaijo-fishing.com/blog/tactics/fish-strategy/suzuki/advanced/,0,1,9,9,0%,11.11%,8.78,7.89
https://kaijo-fishing.com/column/trivia/myaku-fishing-vs-uki/,0,4,8,42,0%,9.52%,7.62,8.21
https://kaijo-fishing.com/column/trivia/morning-magic-science/,0,0,8,21,0%,0%,8.75,11.48
https://kaijo-fishing.com/fishing-facility/original-maker-sea-fishing-park/,0,0,8,4,0%,0%,11.75,4.25
https://kaijo-fishing.com/column/trivia/fish-freezing-method/,0,1,8,30,0%,3.33%,12.62,12.03
https://kaijo-fishing.com/fishing-facility/shinojima-tsuri-tengoku/,0,0,8,7,0%,0%,22.62,22
https://kaijo-fishing.com/fishing-facility/mukai-pearl-marine/,0,0,8,6,0%,0%,26.25,23.17
https://kaijo-fishing.com/fishing-facility/fukuoka-city-sea-fishing-park/,0,1,7,32,0%,3.12%,8.57,13.28
https://kaijo-fishing.com/blog/fishing-land-hyuga/,0,0,7,15,0%,0%,10.71,24.27
https://kaijo-fishing.com/fishing-facility/kaijo-tsuribori-fukujumaru/,0,0,7,23,0%,0%,11.71,17.52
https://kaijo-fishing.com/tactics/gear/myakuzuri-gear,0,2,7,41,0%,4.88%,16.71,26.02
https://kaijo-fishing.com/fishing-facility/center-japan/fukui/,0,1,7,18,0%,5.56%,17.71,20.5
https://kaijo-fishing.com/blog/jogashima-js-fishing/,0,0,6,8,0%,0%,6.83,8
https://kaijo-fishing.com/fishing-facility/sendai-port-central-park-sea-square/,0,0,6,0,0%,0%,7.83,0
https://kaijo-fishing.com/column/trivia/july-night-fishing-bluefish-guide/,0,0,6,41,0%,0%,9.33,11.29
https://kaijo-fishing.com/blog/suihou-fishing-pond/,0,1,6,33,0%,3.03%,9.67,8.58
https://kaijo-fishing.com/tactics/fish-strategy/,0,1,6,26,0%,3.85%,10.5,10
https://kaijo-fishing.com/blog/sakurajima-sea-fishing-park/,0,7,6,73,0%,9.59%,12.33,11.14
https://kaijo-fishing.com/fishing-facility/marusui-kaisan/,0,0,6,2,0%,0%,12.67,8.5
https://kaijo-fishing.com/column/trivia/july-morning-speed-strategy-guide/,0,0,5,66,0%,0%,4.4,7.65
https://kaijo-fishing.com/fishing-facility/fishing-park-toi,0,1,5,11,0%,9.09%,5.6,5.91
https://kaijo-fishing.com/column/trivia/august-dead-bait-technique/,0,1,5,59,0%,1.69%,6.4,6.95
https://kaijo-fishing.com/blog/futomi-flower-isotsuri-center/,0,1,5,18,0%,5.56%,8.2,10.28
https://kaijo-fishing.com/blog/tactics/fish-strategy/mejina/gourmet/,0,1,5,52,0%,1.92%,8.8,11.98
https://kaijo-fishing.com/blog/history-of-fishing-pond/,0,2,5,8,0%,25%,9,3.12
https://kaijo-fishing.com/blog/column/trivia/fish-freezing-method,0,0,5,0,0%,0%,9.2,0
https://kaijo-fishing.com/blog/tactics/fish-strategy/isaki/,0,0,5,14,0%,0%,9.2,11
https://kaijo-fishing.com/blog/tactics/beginner/fish-handling,0,0,5,7,0%,0%,9.4,24
https://kaijo-fishing.com/column/trivia/line-material-science/,0,1,5,12,0%,8.33%,10.6,8.58
https://kaijo-fishing.com/blog/tactics/fish-strategy/fugu/theory/,0,0,5,6,0%,0%,14.4,10
https://kaijo-fishing.com/blog/tactics/gear/uki-setup/,0,2,5,18,0%,11.11%,15.2,10.56
https://kaijo-fishing.com/fishing-facility/seapark-nyu,0,1,5,3,0%,33.33%,17.6,7.33
https://kaijo-fishing.com/fishing-facility/himeji-city-fishing-center/,0,0,5,0,0%,0%,21,0
https://kaijo-fishing.com/fishing-facility/hiruga-sea-fishing-pond/,0,0,5,33,0%,0%,23.8,8.73
https://kaijo-fishing.com/fishing-facility/fishing-park-hikari/,0,0,5,11,0%,0%,27.8,19.55
https://kaijo-fishing.com/fishing-facility/bakucho-mihama-fishing-park/,0,0,5,11,0%,0%,29.8,31.64
https://kaijo-fishing.com/column/trivia/march-sankan-shion-temperature-guide/,0,0,5,8,0%,0%,34.2,39
https://kaijo-fishing.com/tactics/fish-strategy/ishidai/theory/,0,0,4,60,0%,0%,5.25,7.45
https://kaijo-fishing.com/blog/cloudy-day-advantage,0,0,4,4,0%,0%,5.75,8
https://kaijo-fishing.com/fishing-facility/sanriku-sea-fishing-park/,0,1,4,3,0%,33.33%,6.5,7
https://kaijo-fishing.com/blog/tactics/beginner/fish-handling/,0,0,4,5,0%,0%,6.75,34.6
https://kaijo-fishing.com/fishing-facility/tsuribori-hamakatsu/,0,0,4,24,0%,0%,7.25,8.04
https://kaijo-fishing.com/blog/tactics/gear/reel-and-line/,0,0,4,0,0%,0%,7.75,0
https://kaijo-fishing.com/column/ranking/nihonkai-hokuriku/,0,2,4,16,0%,12.5%,8.75,26.31
https://kaijo-fishing.com/column/ranking/kanto-tokai/,0,1,4,20,0%,5%,9.25,16.05
https://kaijo-fishing.com/blog/tactics/fish-strategy/shimaji/,0,0,4,3,0%,0%,10,8
https://kaijo-fishing.com/column/trivia/tsuyu-target-fish-guide/,0,0,4,13,0%,0%,10,10.38
https://kaijo-fishing.com/fishing-facility/kaijo-tsuribori-yukimaru/,0,0,4,17,0%,0%,10,6.76
https://kaijo-fishing.com/fishing-facility/shimonoseki-fishing-park/,0,0,4,7,0%,0%,10.5,10.14
https://kaijo-fishing.com/blog/tactics/beginner/fishing-etiquette,0,0,4,7,0%,0%,12.5,8.57
https://kaijo-fishing.com/fishing-facility/naoshima-fishing-park/,0,0,4,2,0%,0%,13.75,15
https://kaijo-fishing.com/fishing-facility/west-japan/mie/,0,1,4,9,0%,11.11%,20.5,18.11
https://kaijo-fishing.com/fishing-facility/center-japan/niigata/,0,0,4,32,0%,0%,32,37.25
https://kaijo-fishing.com/fishing-facility/saltlake-hiketa-adoike/,0,0,4,9,0%,0%,43.75,55.78
https://kaijo-fishing.com/blog/column/trivia/tsuyu-target-fish-guide/,0,0,3,14,0%,0%,4,5.93
https://kaijo-fishing.com/blog/hiramasa/theory/,0,0,3,14,0%,0%,4.67,9.43
https://kaijo-fishing.com/blog/column/trivia/may-spawning-tai-taste-guide/,0,1,3,12,0%,8.33%,5,19.25
https://kaijo-fishing.com/column/trivia/cost-calculation-guide/,0,0,3,11,0%,0%,5,7.18
https://kaijo-fishing.com/fishing-facility/blue-park-ano/,0,2,3,10,0%,20%,5.33,10.5
https://kaijo-fishing.com/blog/bait-rotation/,0,0,3,5,0%,0%,5.67,7.6
https://kaijo-fishing.com/column/trivia/october-best-season-tsunuke-guide/,0,0,3,11,0%,0%,5.67,9.09
https://kaijo-fishing.com/fishing-facility/kaijo-tsuribori-yuasa/,0,0,3,0,0%,0%,5.67,0
https://kaijo-fishing.com/blog/sendai-port-central-park-sea-square/,0,5,3,98,0%,5.1%,6,6.81
https://kaijo-fishing.com/column/trivia/hook-size-science/,0,0,3,15,0%,0%,6.33,7.87
https://kaijo-fishing.com/blog/iwaki-sea-fishing-center/,0,1,3,25,0%,4%,6.67,8
https://kaijo-fishing.com/blog/kagawa-shodoshima-trip/,0,1,3,11,0%,9.09%,6.67,10.91
https://kaijo-fishing.com/blog/tactics/fish-strategy/kue/gourmet/,0,1,3,14,0%,7.14%,6.67,16.29
https://kaijo-fishing.com/fishing-facility/kaijo-tsuribori-benya/,0,0,3,6,0%,0%,7,9
https://kaijo-fishing.com/blog/tactics/fish-strategy/buri/,0,0,3,1,0%,0%,7.33,11
https://kaijo-fishing.com/blog/hamanako-access-guide/,0,0,3,43,0%,0%,7.67,9.16
https://kaijo-fishing.com/column/trivia/cloudy-day-advantage/,0,0,3,11,0%,0%,7.67,8.64
https://kaijo-fishing.com/tactics/fish-strategy/tide-wind-calculation/,0,1,3,23,0%,4.35%,7.67,11.78
https://kaijo-fishing.com/column/trivia/fish-pressure-mechanism/,0,0,3,12,0%,0%,8,3.92
https://kaijo-fishing.com/blog/line-material-science,0,0,3,11,0%,0%,8.33,8.64
https://kaijo-fishing.com/blog/tactics/fish-strategy/shimaji/advanced/,0,1,3,3,0%,33.33%,8.67,8
https://kaijo-fishing.com/blog/tactics/fish-strategy/aji-asaba-kamasu/advanced/,0,0,3,6,0%,0%,9,7
https://kaijo-fishing.com/blog/tactics/fish-strategy/kawahagi/theory/,0,0,3,0,0%,0%,9,0
https://kaijo-fishing.com/fishing-facility/niigata-east-port-2nd-east-breakwater/,0,0,3,2,0%,0%,9,12
https://kaijo-fishing.com/column/ranking/kyushu-okinawa/,0,0,3,0,0%,0%,9.33,0
https://kaijo-fishing.com/fishing-facility/shinkamigoto-sea-fishing-pond/,0,0,3,8,0%,0%,9.33,9.88
https://kaijo-fishing.com/blog/jumbo-fishing-mura/,0,1,3,29,0%,3.45%,9.67,9.83
https://kaijo-fishing.com/fishing-facility/susawan-fishing-park/,0,1,3,7,0%,14.29%,9.67,23.71
https://kaijo-fishing.com/fishing-facility/tomakomai-port-sea-fishing-facility,0,1,3,37,0%,2.7%,9.67,10.19
https://kaijo-fishing.com/blog/column/ranking/chugoku-shikoku/,0,3,3,7,0%,42.86%,10.33,7.71
https://kaijo-fishing.com/blog/column/trivia/december-furusato-nozei-fishing-guide/,0,0,3,0,0%,0%,11,0
https://kaijo-fishing.com/tactics/fish-strategy/mejina/gourmet/,0,0,3,1,0%,0%,13,8
https://kaijo-fishing.com/blog/tactics/fish-strategy/kue/advanced/,0,0,3,7,0%,0%,13.33,8
https://kaijo-fishing.com/tactics/beginner/first-fishing-pond/,0,1,3,12,0%,8.33%,17,12.5
https://kaijo-fishing.com/fishing-facility/ikadatsuri-tokai/,0,0,3,0,0%,0%,19.67,0
https://kaijo-fishing.com/tactics/beginner/,0,0,3,12,0%,0%,29,16.17
https://kaijo-fishing.com/fishing-facility/east-japan/hokkaido/,0,0,3,18,0%,0%,36.67,27.22
https://kaijo-fishing.com/blog/column/travel/september-silver-week-quiet-spots-guide/,0,0,2,3,0%,0%,1,11
https://kaijo-fishing.com/blog/sashimi-value-comparison/,0,0,2,5,0%,0%,1,5.6
https://kaijo-fishing.com/blog/seat-selection-strategy/,0,1,2,9,0%,11.11%,3,6.11
https://kaijo-fishing.com/blog/tactics/gear/cooler-box-selection/,0,0,2,10,0%,0%,3.5,8.2
https://kaijo-fishing.com/tactics/fish-strategy/shimaji/theory/,0,1,2,16,0%,6.25%,3.5,8.81
https://kaijo-fishing.com/blog/tactics/fish-strategy/mejina/,0,1,2,3,0%,33.33%,4,6.33
https://kaijo-fishing.com/tactics/gear/tackle-maintenance-care/,0,1,2,4,0%,25%,4,8.75
https://kaijo-fishing.com/blog/seat-selection-strategy,0,3,2,25,0%,12%,4.5,10.6
https://kaijo-fishing.com/blog/tactics/beginner/,0,0,2,2,0%,0%,4.5,16.5
https://kaijo-fishing.com/tactics/fish-strategy/hiramasa/intermediate,0,0,2,2,0%,0%,4.5,10.5
https://kaijo-fishing.com/blog/why-fish-delicious/,0,0,2,3,0%,0%,5,6.67
https://kaijo-fishing.com/fishing-facility/suihou-fishing-pond,0,0,2,4,0%,0%,5,3
https://kaijo-fishing.com/blog/tactics/fish-strategy/shimaji/theory/,0,0,2,10,0%,0%,5.5,6.1
https://kaijo-fishing.com/fishing-facility/kaijo-tsuribori-wako/,0,0,2,2,0%,0%,5.5,9
https://kaijo-fishing.com/tactics/fish-strategy/suzuki/theory,0,0,2,1,0%,0%,5.5,5
https://kaijo-fishing.com/blog/oarai-sea-fishing-center/,0,3,2,42,0%,7.14%,6,8.55
https://kaijo-fishing.com/blog/rainy-day-fishing-truth,0,0,2,10,0%,0%,6,8.3
https://kaijo-fishing.com/blog/tactics/gear/rod-selection,0,0,2,16,0%,0%,6,12.31
https://kaijo-fishing.com/column/travel/awaji-family-trip/,0,0,2,13,0%,0%,6,5.15
https://kaijo-fishing.com/column/trivia/history-of-fishing-pond/,0,0,2,3,0%,0%,6,7
https://kaijo-fishing.com/column/trivia/august-summer-bluefish-time-strategy/,0,1,2,6,0%,16.67%,6.5,4.33
https://kaijo-fishing.com/blog/kaijo-tsuribori-tsuriichi/,0,1,2,6,0%,16.67%,7,7.5
https://kaijo-fishing.com/fishing-facility/yuharai-pond,0,0,2,5,0%,0%,7,9.4
https://kaijo-fishing.com/column/trivia/tsuyu-rainy-day-strategy/,0,2,2,9,0%,22.22%,7.5,8.78
https://kaijo-fishing.com/blog/column/trivia/august-fishing-ghost-stories-manners/,0,0,2,5,0%,0%,8,7.6
https://kaijo-fishing.com/blog/intelligence/kansai-vs-kanto-spring/,0,0,2,4,0%,0%,8,10
https://kaijo-fishing.com/blog/kaijo-tsuribori-wako/,0,0,2,5,0%,0%,8,7
https://kaijo-fishing.com/blog/rental-tackle-honest-review/,0,0,2,19,0%,0%,8,8.74
https://kaijo-fishing.com/column/travel/october-scenic-facilities-family-trip/,0,1,2,4,0%,25%,8,3.75
https://kaijo-fishing.com/column/trivia/february-cold-resistant-bait-top5/,0,0,2,2,0%,0%,8,9
https://kaijo-fishing.com/column/trivia/line-material-science,0,0,2,13,0%,0%,8,4.31
https://kaijo-fishing.com/tactics/fish-strategy/isaki/intermediate/,0,0,2,10,0%,0%,8,7.8
https://kaijo-fishing.com/tactics/fish-strategy/kue/theory,0,0,2,1,0%,0%,8,7
https://kaijo-fishing.com/blog/ousatsu-sea-fishing-center/,0,6,2,33,0%,18.18%,8.5,9.76
https://kaijo-fishing.com/blog/tactics/fish-strategy/hiramasa/strategy/,0,0,2,2,0%,0%,9,14.5
https://kaijo-fishing.com/blog/tactics/fish-strategy/kanpachi/theory/,0,0,2,9,0%,0%,9,8.78
https://kaijo-fishing.com/blog/why-madai-red/,0,1,2,18,0%,5.56%,9,8.5
https://kaijo-fishing.com/fishing-facility/kakata-fishing-pond/,0,0,2,1,0%,0%,9,9
https://kaijo-fishing.com/tactics/beginner/bait-guide,0,0,2,5,0%,0%,9,9
https://kaijo-fishing.com/blog/column/trivia/july-morning-speed-strategy-guide/,0,1,2,2,0%,50%,9.5,4
https://kaijo-fishing.com/fishing-facility/naoetsu-port-3rd-east-breakwater/,0,0,2,2,0%,0%,9.5,14.5
https://kaijo-fishing.com/fishing-facility/kaijo-tsuribori-tairyomaru/,0,0,2,3,0%,0%,10.5,21.67
https://kaijo-fishing.com/fishing-facility/waita-sea-fishing-pier/,0,1,2,6,0%,16.67%,10.5,10
https://kaijo-fishing.com/tactics/fish-strategy/buri/,0,0,2,15,0%,0%,11,10.4
https://kaijo-fishing.com/blog/tactics/fish-strategy/suzuki/intermediate/,0,2,2,5,0%,40%,12,13.8
https://kaijo-fishing.com/fishing-facility/fishing-park-sasukeya/,0,0,2,0,0%,0%,12,0
https://kaijo-fishing.com/fishing-facility/amakusa-rakutsuri/,0,0,2,0,0%,0%,13,0
https://kaijo-fishing.com/fishing-facility/west-japan/hiroshima/,0,0,2,18,0%,0%,13.5,15.11
https://kaijo-fishing.com/tactics/fish-strategy/fugu/theory,0,0,2,10,0%,0%,14.5,8.8
https://kaijo-fishing.com/tactics/gear/uki-setup,0,0,2,3,0%,0%,15,9.67
https://kaijo-fishing.com/fishing-facility/fishing-rainbow/,0,0,2,8,0%,0%,15.5,11.12
https://kaijo-fishing.com/blog/how-to-prevent-tangle/,0,0,2,0,0%,0%,19.5,0
https://kaijo-fishing.com/tactics/fish-strategy/chinu/,0,1,2,16,0%,6.25%,31,9
https://kaijo-fishing.com/tactics/fish-strategy/kawahagi/theory/,0,0,2,4,0%,0%,37,20.25
https://kaijo-fishing.com/fishing-facility/atami-port-sea-fishing-facility/,0,0,2,4,0%,0%,53.5,10.5
https://kaijo-fishing.com/fishing-facility/kashikojima-fishing-park-kaiyuen/,0,0,2,6,0%,0%,63,8.83
https://kaijo-fishing.com/blog/kamae-sea-fishing-tsunchaoh/,0,0,1,3,0%,0%,1,5.33
https://kaijo-fishing.com/blog/tana-basics/,0,0,1,8,0%,0%,1,9.62
https://kaijo-fishing.com/column/ranking/mie-wakayama/,0,1,1,11,0%,9.09%,1,8.55
https://kaijo-fishing.com/column/trivia/october-cold-snap-tana-prediction-guide/,0,0,1,1,0%,0%,1,4
https://kaijo-fishing.com/tactics/fish-strategy/hiramasa/theory/,0,0,1,13,0%,0%,1,11.69
https://kaijo-fishing.com/column/trivia/june-summer-rig-prep-guide/,0,0,1,0,0%,0%,2,0
https://kaijo-fishing.com/column/trivia/november-sudachi-buri-guide/,0,0,1,8,0%,0%,2,5
https://kaijo-fishing.com/blog/access-tokai,0,1,1,4,0%,25%,3,6.5
https://kaijo-fishing.com/blog/tactics/fish-strategy/buri/intermediate/,0,2,1,12,0%,16.67%,3,7.17
https://kaijo-fishing.com/blog/column/trivia/november-sudachi-buri-guide/,0,0,1,4,0%,0%,4,6.5
https://kaijo-fishing.com/blog/nagasaki-goto-trip/,0,1,1,7,0%,14.29%,4,7.14
https://kaijo-fishing.com/blog/tactics/fish-strategy/isaki/intermediate/,0,0,1,7,0%,0%,4,7.43
https://kaijo-fishing.com/blog/tactics/fish-strategy/kawahagi/intermediate/,0,0,1,1,0%,0%,4,9
https://kaijo-fishing.com/blog/tactics/gear/myakuzuri-gear/,0,0,1,2,0%,0%,4,15
https://kaijo-fishing.com/column/trivia/how-to-cook-kampachi/,0,0,1,9,0%,0%,4,9
https://kaijo-fishing.com/column/trivia/rental-tackle-honest-review,0,0,1,17,0%,0%,4,5.59
https://kaijo-fishing.com/column/trivia/wild-vs-farmed-taste,0,0,1,37,0%,0%,4,11.35
https://kaijo-fishing.com/tactics/gear/tackle-maintenance-care,0,0,1,12,0%,0%,4,13.58
https://kaijo-fishing.com/blog/column/trivia/october-olive-hamachi-guide/,0,0,1,1,0%,0%,5,5
https://kaijo-fishing.com/blog/niigata-east-port-2nd-east-breakwater/,0,0,1,6,0%,0%,5,5.83
https://kaijo-fishing.com/blog/tactics/fish-strategy/suzuki/theory/,0,0,1,11,0%,0%,5,10.55
https://kaijo-fishing.com/category/shi1-she4-shao4-jie4/3/,0,0,1,3,0%,0%,5,4.67
https://kaijo-fishing.com/column/trivia/august-fishing-ghost-stories-manners/,0,0,1,5,0%,0%,5,17.4
https://kaijo-fishing.com/column/trivia/october-olive-hamachi-guide/,0,0,1,1,0%,0%,5,5
https://kaijo-fishing.com/fishing-facility/sea-fishing-pond-kaikei/,0,0,1,16,0%,0%,5,7.5
https://kaijo-fishing.com/fishing-facility/shimanami-kaido-fishing-park/,0,1,1,5,0%,20%,5,46.2
https://kaijo-fishing.com/blog/column/trivia/september-shirasa-ebi-scatter-method/,0,0,1,0,0%,0%,6,0
https://kaijo-fishing.com/blog/column/trivia/typhoon-closure-guide/,0,0,1,1,0%,0%,6,8
https://kaijo-fishing.com/blog/hook-size-science,0,1,1,16,0%,6.25%,6,6.94
https://kaijo-fishing.com/blog/wild-vs-farmed-taste/,0,0,1,1,0%,0%,6,3
https://kaijo-fishing.com/column/travel/kumamoto-amakusa-trip/,0,0,1,5,0%,0%,6,10
https://kaijo-fishing.com/column/travel/shirahama-onsen-trip/,0,0,1,3,0%,0%,6,14.67
https://kaijo-fishing.com/column/trivia/september-shirasa-ebi-scatter-method/,0,0,1,0,0%,0%,6,0
https://kaijo-fishing.com/fishing-facility/east-japan/fukushima/,0,0,1,4,0%,0%,6,15.25
https://kaijo-fishing.com/fishing-facility/east-japan/kanagawa/,0,0,1,0,0%,0%,6,0
https://kaijo-fishing.com/fishing-facility/fishing-bridge-akasaki/,0,0,1,2,0%,0%,6,10
https://kaijo-fishing.com/fishing-facility/kobe-hiraiso-sea-fishing-park/,0,0,1,0,0%,0%,6,0
https://kaijo-fishing.com/fishing-facility/notojima-sea-fishing-center,0,0,1,3,0%,0%,6,15
https://kaijo-fishing.com/fishing-facility/west-japan/nagasaki/,0,0,1,5,0%,0%,6,8.6
https://kaijo-fishing.com/tactics/fish-strategy/aji-asaba-kamasu/theory,0,0,1,1,0%,0%,6,11
https://kaijo-fishing.com/tactics/gear/beginner-tackle-set,0,1,1,2,0%,50%,6,6
https://kaijo-fishing.com/blog/column/trivia/august-summer-bluefish-time-strategy/,0,0,1,5,0%,0%,7,8.2
https://kaijo-fishing.com/blog/tactics/fish-strategy/chinu/theory/,0,1,1,23,0%,4.35%,7,8.52
https://kaijo-fishing.com/blog/tactics/fish-strategy/isaki/advanced/,0,2,1,14,0%,14.29%,7,10.86
https://kaijo-fishing.com/blog/tactics/fish-strategy/kanpachi/strategy/,0,0,1,2,0%,0%,7,7
https://kaijo-fishing.com/blog/tactics/fish-strategy/kawahagi/gourmet/,0,0,1,7,0%,0%,7,14
https://kaijo-fishing.com/column/travel/shimanami-cycling-fishing/,0,0,1,2,0%,0%,7,7
https://kaijo-fishing.com/column/trivia/september-autumn-feeding-rig-guide/,0,1,1,17,0%,5.88%,7,9.06
https://kaijo-fishing.com/column/trivia/why-fish-delicious/,0,1,1,6,0%,16.67%,7,5.33
https://kaijo-fishing.com/fishing-facility/kaijo-tsuribori-at-sea/,0,0,1,1,0%,0%,7,6
https://kaijo-fishing.com/fishing-facility/searoad-yawatahama/,0,0,1,0,0%,0%,7,0
https://kaijo-fishing.com/tactics/fish-strategy/kanpachi/intermediate,0,0,1,0,0%,0%,7,0
https://kaijo-fishing.com/blog/column/travel/august-summer-release-facilities/,0,0,1,0,0%,0%,8,0
https://kaijo-fishing.com/blog/column/travel/september-shimonoseki-fugu-trip/,0,0,1,9,0%,0%,8,10.22
https://kaijo-fishing.com/blog/column/trivia/oxygen-depletion-summer/,0,0,1,36,0%,0%,8,7.28
https://kaijo-fishing.com/blog/madai/theory/,0,0,1,2,0%,0%,8,7.5
https://kaijo-fishing.com/blog/searoad-yawatahama/,0,0,1,6,0%,0%,8,8.67
https://kaijo-fishing.com/blog/tactics/fish-strategy/madai/gourmet/,0,1,1,15,0%,6.67%,8,9.2
https://kaijo-fishing.com/blog/tactics/fish-strategy/suzuki/gourmet/,0,0,1,4,0%,0%,8,27.75
https://kaijo-fishing.com/column/trivia/january-bluefish-liver-sasami-bait-guide/,0,1,1,5,0%,20%,8,10.4
https://kaijo-fishing.com/tactics/fish-strategy/suzuki/intermediate,0,0,1,1,0%,0%,8,5
https://kaijo-fishing.com/tactics/gear/harris-importance/,0,0,1,0,0%,0%,8,0
https://kaijo-fishing.com/blog/column/ranking/kyushu-okinawa/,0,0,1,2,0%,0%,9,8
https://kaijo-fishing.com/blog/column/trivia/january-kanburi-fat-science/,0,0,1,5,0%,0%,9,7.6
https://kaijo-fishing.com/blog/column/trivia/june-fresh-fish-quick-recipe-guide/,0,0,1,2,0%,0%,9,5
https://kaijo-fishing.com/blog/column/trivia/october-best-season-tsunuke-guide/,0,0,1,6,0%,0%,9,9.83
https://kaijo-fishing.com/blog/tactics/fish-strategy/aji-asaba-kamasu/theory/,0,0,1,4,0%,0%,9,7.75
https://kaijo-fishing.com/blog/tactics/fish-strategy/fugu/gourmet/,0,0,1,4,0%,0%,9,9
https://kaijo-fishing.com/blog/tactics/fish-strategy/hiramasa/advanced/,0,2,1,11,0%,18.18%,9,9
https://kaijo-fishing.com/blog/tactics/fish-strategy/kanpachi/advanced,0,0,1,0,0%,0%,9,0
https://kaijo-fishing.com/blog/tactics/fish-strategy/tide-wind-calculation/,0,0,1,5,0%,0%,9,9.6
https://kaijo-fishing.com/column/trivia/june-tackle-storage-mold-guide/,0,0,1,0,0%,0%,9,0
https://kaijo-fishing.com/fishing-facility/iwaki-sea-fishing-center/,0,0,1,0,0%,0%,9,0
https://kaijo-fishing.com/fishing-facility/west-japan/miyazaki/,0,0,1,2,0%,0%,9,9.5
https://kaijo-fishing.com/tactics/fish-strategy/fugu/,0,0,1,17,0%,0%,9,8.76
https://kaijo-fishing.com/blog/chiba-minamiboso-access-guide/,0,0,1,3,0%,0%,10,6.33
https://kaijo-fishing.com/blog/column/trivia/july-summer-research-guide/,0,1,1,2,0%,50%,10,7
https://kaijo-fishing.com/blog/koueimaru/,0,0,1,8,0%,0%,10,10.75
https://kaijo-fishing.com/blog/tactics/fish-strategy/madai/theory/,0,1,1,11,0%,9.09%,10,6
https://kaijo-fishing.com/blog/tactics/gear/rod-selection/,0,0,1,10,0%,0%,10,12.4
https://kaijo-fishing.com/blog/tactics/gear/safety-gear-guide,0,0,1,4,0%,0%,10,5.75
https://kaijo-fishing.com/column/travel/access/ise-shima-access-guide/,0,0,1,7,0%,0%,10,16
https://kaijo-fishing.com/column/trivia/ikeus-management-secret/,0,0,1,3,0%,0%,10,7.33
https://kaijo-fishing.com/column/trivia/november-tournament-mindset-guide/,0,0,1,0,0%,0%,10,0
https://kaijo-fishing.com/column/trivia/sound-vibration-fishing/,0,0,1,4,0%,0%,10,5.5
https://kaijo-fishing.com/column/trivia/tide-inside-pond/,0,0,1,1,0%,0%,10,3
https://kaijo-fishing.com/fishing-facility/hamabe-tosen-kaijo-tsuribori/,0,0,1,0,0%,0%,10,0
https://kaijo-fishing.com/fishing-facility/koueimaru,0,0,1,0,0%,0%,10,0
https://kaijo-fishing.com/fishing-facility/raft-fishing-takahashi/,0,1,1,1,0%,100%,10,8
https://kaijo-fishing.com/tactics/fish-strategy/madai/gourmet/,0,1,1,2,0%,50%,10,5
https://kaijo-fishing.com/blog/column/trivia/july-night-fishing-bluefish-guide/,0,1,1,10,0%,10%,11,21.5
https://kaijo-fishing.com/blog/column/trivia/tsuyu-muddy-water-rig-guide/,0,0,1,8,0%,0%,11,7.25
https://kaijo-fishing.com/blog/fugu-strategy/,0,0,1,2,0%,0%,11,4.5
https://kaijo-fishing.com/blog/intelligence/2026-06-w04/,0,0,1,2,0%,0%,11,7
https://kaijo-fishing.com/blog/tactics/gear/beginner-tackle-set,0,1,1,12,0%,8.33%,11,8.75
https://kaijo-fishing.com/column/trivia/may-bait-stealer-dango-guide/,0,0,1,10,0%,0%,11,12
https://kaijo-fishing.com/fishing-facility/akaguri-sea-fishing-park/,0,2,1,11,0%,18.18%,11,10.18
https://kaijo-fishing.com/fishing-facility/sakurajima-sea-fishing-park/,0,1,1,2,0%,50%,11,6.5
https://kaijo-fishing.com/fishing-facility/shinmaiko-marine-park-fishing/,0,0,1,10,0%,0%,11,9.8
https://kaijo-fishing.com/fishing-facility/tsuribori-shotokumaru/,0,0,1,6,0%,0%,11,6.33
https://kaijo-fishing.com/fishing-facility/umizuri-port-tajiri/,0,0,1,0,0%,0%,11,0
https://kaijo-fishing.com/tactics/beginner/fish-senses,0,0,1,3,0%,0%,11,8
https://kaijo-fishing.com/tactics/gear/cooler-box-selection,0,0,1,1,0%,0%,11,1
https://kaijo-fishing.com/tactics/gear/reel-and-line/,0,0,1,9,0%,0%,11,9.89
https://kaijo-fishing.com/fishing-facility/ishida-fisherina/,0,0,1,6,0%,0%,12,6
https://kaijo-fishing.com/fishing-facility/kamoike-sea-fishing-park/,0,0,1,0,0%,0%,12,0
https://kaijo-fishing.com/blog/aging-fish-science/,0,0,1,3,0%,0%,13,16.67
https://kaijo-fishing.com/fishing-facility/yura-sea-fishing-park/,0,0,1,6,0%,0%,13,8.33
https://kaijo-fishing.com/blog/tactics/fish-strategy/chinu/intermediate/,0,0,1,16,0%,0%,14,11.19
https://kaijo-fishing.com/column/trivia/october-autumn-white-fish-aging-guide/,0,0,1,4,0%,0%,14,31.75
https://kaijo-fishing.com/fishing-facility/futomi-flower-isotsuri-center,0,0,1,3,0%,0%,14,6.33
https://kaijo-fishing.com/column/trivia/family-vs-solo-fishing/,0,0,1,8,0%,0%,15,8.88
https://kaijo-fishing.com/blog/tactics/fish-strategy/madai/advanced/,0,0,1,6,0%,0%,16,7.5
https://kaijo-fishing.com/fishing-facility/west-japan/hyogo/,0,0,1,3,0%,0%,16,5.33
https://kaijo-fishing.com/column/trivia/may-gomoku-tana-strategy/,0,0,1,2,0%,0%,17,8.5
https://kaijo-fishing.com/fishing-facility/shodoshima-furusatomura-fishing-pier/,0,0,1,1,0%,0%,19,11
https://kaijo-fishing.com/fishing-facility/west-japan/kagoshima,0,0,1,2,0%,0%,22,40
https://kaijo-fishing.com/fishing-facility/tsuribori-kishu/,0,0,1,8,0%,0%,23,23.25
https://kaijo-fishing.com/fishing-facility/matsunase-fishing-park/,0,0,1,2,0%,0%,29,8
https://kaijo-fishing.com/fishing-facility/west-japan/fukuoka,0,0,1,1,0%,0%,37,37
https://kaijo-fishing.com/blog/access-kinki/,0,0,1,14,0%,0%,38,6.21
https://kaijo-fishing.com/fishing-facility/fishing-park-triton/,0,0,1,0,0%,0%,39,0
https://kaijo-fishing.com/fishing-facility/east-japan/aomori/,0,0,1,1,0%,0%,50,50
https://kaijo-fishing.com/column/travel/,0,0,1,0,0%,0%,64,0
https://kaijo-fishing.com/blog/himeji-city-fishing-center,0,12,0,154,0%,7.79%,0,6.14
https://kaijo-fishing.com/blog/sea-fishing-park-mikata/,0,5,0,77,0%,6.49%,0,4.73
https://kaijo-fishing.com/blog/wakayama-marinacity-fishing-park,0,4,0,43,0%,9.3%,0,15.7
https://kaijo-fishing.com/column/travel/june-all-weather-facilities/,0,4,0,30,0%,13.33%,0,7.43
https://kaijo-fishing.com/tactics/fish-strategy/isaki/gourmet,0,3,0,45,0%,6.67%,0,14.78
https://kaijo-fishing.com/blog/sanriku-sea-fishing-park/,0,3,0,44,0%,6.82%,0,9
https://kaijo-fishing.com/blog/anatani-aitai-fishing/,0,3,0,23,0%,13.04%,0,7.09
https://kaijo-fishing.com/fishing-facility/miura-kaiou/,0,2,0,80,0%,2.5%,0,11.38
https://kaijo-fishing.com/blog/suma-sea-fishing-park/,0,2,0,42,0%,4.76%,0,10.4
https://kaijo-fishing.com/fishing-facility/umizuri-port-tajiri,0,2,0,39,0%,5.13%,0,8.67
https://kaijo-fishing.com/2025/07/chubu/chubu-tokai/paritoriton-mie/,0,2,0,27,0%,7.41%,0,19.3
https://kaijo-fishing.com/column/trivia/rainy-day-fishing-truth,0,2,0,20,0%,10%,0,9.7
https://kaijo-fishing.com/column/travel/may-toshijima-toba-trip/,0,2,0,18,0%,11.11%,0,11.89
https://kaijo-fishing.com/column/trivia/typhoon-closure-guide/,0,2,0,11,0%,18.18%,0,3.82
https://kaijo-fishing.com/blog/tactics/fish-strategy/mejina/theory/,0,2,0,5,0%,40%,0,7.2
https://kaijo-fishing.com/fishing-facility/nanko-fishing-park,0,1,0,61,0%,1.64%,0,21.21
https://kaijo-fishing.com/blog/kaijo-tsuribori-misaki/,0,1,0,33,0%,3.03%,0,7.21
https://kaijo-fishing.com/blog/original-maker-sea-fishing-park/,0,1,0,28,0%,3.57%,0,7.07
https://kaijo-fishing.com/tactics/fish-strategy/kue/,0,1,0,28,0%,3.57%,0,8.36
https://kaijo-fishing.com/tactics/fish-strategy/myakuzuri-extreme-guide,0,1,0,22,0%,4.55%,0,12.05
https://kaijo-fishing.com/blog/column/ranking/mie-wakayama/,0,1,0,21,0%,4.76%,0,38.57
https://kaijo-fishing.com/blog/intelligence/summer-bluefish-forecast/,0,1,0,19,0%,5.26%,0,7.58
https://kaijo-fishing.com/blog/ishidai/theory/,0,1,0,18,0%,5.56%,0,7.44
https://kaijo-fishing.com/fishing-facility/sea-fishing-park-mikata,0,1,0,17,0%,5.88%,0,6.24
https://kaijo-fishing.com/fishing-facility/obama-city-fishing-coop-raft,0,1,0,16,0%,6.25%,0,9
https://kaijo-fishing.com/blog/intelligence/summer-bluefish-forecast,0,1,0,14,0%,7.14%,0,6.43
https://kaijo-fishing.com/blog/amakusa-rakutsuri/,0,1,0,11,0%,9.09%,0,8.09
https://kaijo-fishing.com/blog/column/trivia/june-tackle-storage-mold-guide/,0,1,0,10,0%,10%,0,6
https://kaijo-fishing.com/fishing-facility/sea-fishing-land/,0,1,0,10,0%,10%,0,9.2
https://kaijo-fishing.com/blog/tactics/gear/uki-setup,0,1,0,10,0%,10%,0,14.3
https://kaijo-fishing.com/fishing-facility/west-japan/tokushima/,0,1,0,9,0%,11.11%,0,13.89
https://kaijo-fishing.com/column/travel/access/access-kanto,0,1,0,9,0%,11.11%,0,24.67
https://kaijo-fishing.com/tactics/fish-strategy/chinu/gourmet,0,1,0,8,0%,12.5%,0,9.88
https://kaijo-fishing.com/fishing-facility/original-maker-sea-fishing-park,0,1,0,7,0%,14.29%,0,5.29
https://kaijo-fishing.com/column/trivia/wild-vs-farmed-taste/,0,1,0,7,0%,14.29%,0,5.57
https://kaijo-fishing.com/fishing-facility/fishing-rainbow,0,1,0,7,0%,14.29%,0,12.43
https://kaijo-fishing.com/fishing-facility/east-japan/iwate/,0,1,0,7,0%,14.29%,0,16.29
https://kaijo-fishing.com/blog/tactics/fish-strategy/ishidai/,0,1,0,6,0%,16.67%,0,11.17
https://kaijo-fishing.com/fishing-facility/tsuruga-city-sea-fishing-park,0,1,0,5,0%,20%,0,5
https://kaijo-fishing.com/blog/column/trivia/july-ice-management-guide/,0,1,0,5,0%,20%,0,7
https://kaijo-fishing.com/fishing-facility/miyazu-city-marine-fishing-park/,0,1,0,5,0%,20%,0,9
https://kaijo-fishing.com/blog/tactics/fish-strategy/kawahagi/advanced/,0,1,0,5,0%,20%,0,16.6
https://kaijo-fishing.com/blog/jogashima-js-fishing,0,1,0,4,0%,25%,0,13.25
https://kaijo-fishing.com/blog/sashimi-value-comparison,0,1,0,3,0%,33.33%,0,3.67
https://kaijo-fishing.com/column/travel/july-naruto-whirlpool-trip/,0,1,0,3,0%,33.33%,0,6
https://kaijo-fishing.com/fishing-facility/marine-garden-leisure/,0,1,0,3,0%,33.33%,0,6.33
https://kaijo-fishing.com/blog/kakata-fishing-pond,0,1,0,3,0%,33.33%,0,10.67
https://kaijo-fishing.com/blog/intelligence/2026-05-w05,0,1,0,3,0%,33.33%,0,13
https://kaijo-fishing.com/tactics/fish-strategy/aji-asaba-kamasu/advanced,0,1,0,3,0%,33.33%,0,19.33
https://kaijo-fishing.com/blog/tactics/gear/myakuzuri-gear,0,1,0,3,0%,33.33%,0,21.33
https://kaijo-fishing.com/blog/tactics/fish-strategy/kue/theory/,0,1,0,2,0%,50%,0,4
https://kaijo-fishing.com/fishing-facility/hasamaura-fishing-center,0,1,0,2,0%,50%,0,9
https://kaijo-fishing.com/blog/shimanami-cycling-fishing,0,1,0,2,0%,50%,0,10
https://kaijo-fishing.com/blog/kamoike-sea-fishing-park,0,1,0,2,0%,50%,0,12
https://kaijo-fishing.com/fishing-facility/west-japan/kagoshima/kamoike-sea-fishing-park/,0,1,0,2,0%,50%,0,19.5
https://kaijo-fishing.com/fishing-facility/center-japan/aichi/,0,1,0,2,0%,50%,0,21.5
https://kaijo-fishing.com/fishing-facility/tsuribori-shotokumaru,0,1,0,1,0%,100%,0,1
https://kaijo-fishing.com/blog/fishing-park-triton/,0,1,0,1,0%,100%,0,45
https://kaijo-fishing.com/fishing-facility/kaijo-tsuribori-benya,0,0,0,36,0%,0%,0,17.47
https://kaijo-fishing.com/blog/intelligence/2026-06-w01/,0,0,0,33,0%,0%,0,8.21
https://kaijo-fishing.com/column/trivia/may-spawning-tai-taste-guide/,0,0,0,29,0%,0%,0,16.14
https://kaijo-fishing.com/blog/access-kanto,0,0,0,29,0%,0%,0,19.38
https://kaijo-fishing.com/blog/bakucho-mihama-fishing-park/,0,0,0,25,0%,0%,0,9.6
https://kaijo-fishing.com/column/trivia/true-dai-cooking/,0,0,0,24,0%,0%,0,11.38
https://kaijo-fishing.com/fishing-facility/waita-sea-fishing-pier,0,0,0,23,0%,0%,0,8.13
https://kaijo-fishing.com/column/trivia/march-sakuradai-targeting-guide,0,0,0,19,0%,0%,0,21.37
https://kaijo-fishing.com/column/trivia/june-summer-shift-signs-guide/,0,0,0,18,0%,0%,0,10.67
https://kaijo-fishing.com/fishing-facility/kaijo-tsuribori-kaiyu/,0,0,0,18,0%,0%,0,10.72
https://kaijo-fishing.com/fishing-facility/east-japan/chiba/,0,0,0,18,0%,0%,0,43.22
https://kaijo-fishing.com/blog/tsuribori-hamakatsu/,0,0,0,17,0%,0%,0,9
https://kaijo-fishing.com/fishing-facility/shimanami-kaido-fishing-park,0,0,0,14,0%,0%,0,9.57
https://kaijo-fishing.com/fishing-facility/yura-marine-fishing-pond,0,0,0,14,0%,0%,0,13.79
https://kaijo-fishing.com/column/ranking/tohoku-hokkaido/,0,0,0,13,0%,0%,0,11.92
https://kaijo-fishing.com/column/trivia/february-shirasagi-salmon-guide/,0,0,0,13,0%,0%,0,14.08
https://kaijo-fishing.com/blog/fishing-park-toi/,0,0,0,12,0%,0%,0,7.75
https://kaijo-fishing.com/blog/tactics/fish-strategy/shimaji/gourmet/,0,0,0,12,0%,0%,0,7.75
https://kaijo-fishing.com/blog/access-tokai/,0,0,0,12,0%,0%,0,18
https://kaijo-fishing.com/about/,0,0,0,11,0%,0%,0,3.27
https://kaijo-fishing.com/fishing-facility/kaijo-tsuribori-at-sea,0,0,0,11,0%,0%,0,7.55
https://kaijo-fishing.com/fishing-facility/shimonoseki-fishing-park,0,0,0,11,0%,0%,0,9.73
https://kaijo-fishing.com/tactics/gear/knot-strength-test,0,0,0,11,0%,0%,0,10.64
https://kaijo-fishing.com/tactics/fish-strategy/mejina/gourmet,0,0,0,11,0%,0%,0,34.73
https://kaijo-fishing.com/column/travel/access/access-tokai,0,0,0,10,0%,0%,0,6.6
https://kaijo-fishing.com/tactics/fish-strategy/kawahagi/gourmet/,0,0,0,10,0%,0%,0,9.2
https://kaijo-fishing.com/tactics/fish-strategy/kanpachi/theory/,0,0,0,10,0%,0%,0,13.4
https://kaijo-fishing.com/blog/chiba-minamiboso-trip/,0,0,0,10,0%,0%,0,20.4
https://kaijo-fishing.com/privacy/,0,0,0,9,0%,0%,0,3.78
https://kaijo-fishing.com/blog/ishidai/strategy/,0,0,0,9,0%,0%,0,8
https://kaijo-fishing.com/blog/tactics/beginner/tide-basics/,0,0,0,9,0%,0%,0,8.56
https://kaijo-fishing.com/fishing-facility/kaijo-tsuribori-opa/,0,0,0,9,0%,0%,0,9
https://kaijo-fishing.com/blog/tactics/beginner/bait-guide,0,0,0,9,0%,0%,0,11.11
https://kaijo-fishing.com/blog/kawahagi/theory/,0,0,0,9,0%,0%,0,12.44
https://kaijo-fishing.com/tactics/fish-strategy/suzuki/gourmet,0,0,0,9,0%,0%,0,12.44
https://kaijo-fishing.com/blog/access-kanto/,0,0,0,9,0%,0%,0,12.56
https://kaijo-fishing.com/blog/miura-kaiou/,0,0,0,9,0%,0%,0,13.56
https://kaijo-fishing.com/column/travel/november-izu-autumn-leaves-trip/,0,0,0,9,0%,0%,0,14.67
https://kaijo-fishing.com/blog/tactics/beginner/essential-knots,0,0,0,9,0%,0%,0,16
https://kaijo-fishing.com/fishing-facility/west-japan/saga/,0,0,0,9,0%,0%,0,27.89
https://kaijo-fishing.com/column/travel/nagasaki-goto-trip/,0,0,0,8,0%,0%,0,4
https://kaijo-fishing.com/fishing-facility/anatani-aitai-fishing,0,0,0,8,0%,0%,0,6.5
https://kaijo-fishing.com/blog/tide-inside-pond,0,0,0,8,0%,0%,0,7.5
https://kaijo-fishing.com/fishing-facility/kaijo-tsuribori-tsuriichi,0,0,0,8,0%,0%,0,10.25
https://kaijo-fishing.com/tactics/fish-strategy/chinu/intermediate,0,0,0,8,0%,0%,0,27.75
https://kaijo-fishing.com/blog/tide-inside-pond/,0,0,0,7,0%,0%,0,4.43
https://kaijo-fishing.com/fishing-facility/matsunase-fishing-park,0,0,0,7,0%,0%,0,5.57
https://kaijo-fishing.com/category/ri/3/,0,0,0,7,0%,0%,0,6.57
https://kaijo-fishing.com/tactics/fish-strategy/isaki/intermediate,0,0,0,7,0%,0%,0,7
https://kaijo-fishing.com/blog/chinu-strategy/,0,0,0,7,0%,0%,0,7.57
https://kaijo-fishing.com/blog/edogawa-sea-fishing-park/,0,0,0,7,0%,0%,0,7.57
https://kaijo-fishing.com/fishing-facility/koshima-sea-fishing-pond,0,0,0,7,0%,0%,0,7.71
https://kaijo-fishing.com/tactics/fish-strategy/hiramasa/advanced,0,0,0,7,0%,0%,0,9.29
https://kaijo-fishing.com/blog/column/trivia/july-sea-temperature-lag-guide/,0,0,0,7,0%,0%,0,9.57
https://kaijo-fishing.com/blog/mejina/theory/,0,0,0,7,0%,0%,0,10.57
https://kaijo-fishing.com/blog/tactics/fish-strategy/buri/theory/,0,0,0,7,0%,0%,0,12.14
https://kaijo-fishing.com/category/gaido/,0,0,0,6,0%,0%,0,4.33
https://kaijo-fishing.com/blog/ise-shima-access-guide,0,0,0,6,0%,0%,0,7.5
https://kaijo-fishing.com/blog/tactics/fish-strategy/mejina/advanced/,0,0,0,6,0%,0%,0,8
https://kaijo-fishing.com/tactics/fish-strategy/fugu/advanced/,0,0,0,6,0%,0%,0,11
https://kaijo-fishing.com/fishing-facility/blue-park-ano,0,0,0,6,0%,0%,0,15.33
https://kaijo-fishing.com/blog/line-material-science/,0,0,0,6,0%,0%,0,15.67
https://kaijo-fishing.com/blog/access-kinki,0,0,0,6,0%,0%,0,18.5
https://kaijo-fishing.com/blog/wild-vs-farmed-taste,0,0,0,6,0%,0%,0,19.83
https://kaijo-fishing.com/fishing-facility/west-japan/kochi/,0,0,0,6,0%,0%,0,31.17
https://kaijo-fishing.com/tactics/beginner/fishing-etiquette,0,0,0,6,0%,0%,0,35
https://kaijo-fishing.com/fishing-facility/center-japan/shizuoka,0,0,0,6,0%,0%,0,67.83
https://kaijo-fishing.com/tactics/,0,0,0,5,0%,0%,0,3
https://kaijo-fishing.com/column/trivia/june-fresh-fish-quick-recipe-guide/,0,0,0,5,0%,0%,0,4
https://kaijo-fishing.com/column/trivia/sashimi-value-comparison,0,0,0,5,0%,0%,0,4.2
https://kaijo-fishing.com/blog/tactics/fish-strategy/ishidai/theory/,0,0,0,5,0%,0%,0,6.8
https://kaijo-fishing.com/fishing-facility/suma-sea-fishing-park,0,0,0,5,0%,0%,0,6.8
https://kaijo-fishing.com/column/trivia/oxygen-depletion-summer/,0,0,0,5,0%,0%,0,7.2
https://kaijo-fishing.com/blog/tactics/fish-strategy/chinu/advanced/,0,0,0,5,0%,0%,0,8.2
https://kaijo-fishing.com/column/trivia/aging-fish-science/,0,0,0,5,0%,0%,0,8.6
https://kaijo-fishing.com/fishing-facility/west-japan/kagawa/,0,0,0,5,0%,0%,0,8.8
https://kaijo-fishing.com/fishing-facility/jogashima-js-fishing,0,0,0,5,0%,0%,0,9.2
https://kaijo-fishing.com/tactics/fish-strategy/kue/intermediate,0,0,0,5,0%,0%,0,12.6
https://kaijo-fishing.com/column/travel/september-shimonoseki-fugu-trip/,0,0,0,5,0%,0%,0,13.2
https://kaijo-fishing.com/tactics/fish-strategy/madai/advanced,0,0,0,5,0%,0%,0,15.8
https://kaijo-fishing.com/tactics/fish-strategy/kawahagi/advanced/,0,0,0,5,0%,0%,0,18.4
https://kaijo-fishing.com/blog/awaji-family-trip,0,0,0,5,0%,0%,0,20.2
https://kaijo-fishing.com/blog/fish-pressure-mechanism/,0,0,0,5,0%,0%,0,20.8
https://kaijo-fishing.com/2025/09/fishingtech/shimaaji-bouzukaihi/,0,0,0,4,0%,0%,0,2
https://kaijo-fishing.com/column/trivia/august-sunglasses-guide/,0,0,0,4,0%,0%,0,4
https://kaijo-fishing.com/blog/column/ranking/tohoku-hokkaido/,0,0,0,4,0%,0%,0,4.75
https://kaijo-fishing.com/blog/tactics/gear/small-goods-essentials,0,0,0,4,0%,0%,0,4.75
https://kaijo-fishing.com/2025/07/westjapan/chugoku/shimonoseki-park/,0,0,0,4,0%,0%,0,5.75
https://kaijo-fishing.com/fishing-facility/hiake-kaikyo-fishing-park,0,0,0,4,0%,0%,0,6
https://kaijo-fishing.com/column/travel/access/chiba-minamiboso-access-guide/,0,0,0,4,0%,0%,0,6.5
https://kaijo-fishing.com/fishing-facility/fishing-land-hyuga,0,0,0,4,0%,0%,0,7.25
https://kaijo-fishing.com/blog/cost-calculation-guide,0,0,0,4,0%,0%,0,7.5
https://kaijo-fishing.com/blog/tactics/fish-strategy/kanpachi/,0,0,0,4,0%,0%,0,7.75
https://kaijo-fishing.com/blog/tactics/fish-strategy/aji-asaba-kamasu/gourmet/,0,0,0,4,0%,0%,0,8
https://kaijo-fishing.com/tactics/fish-strategy/hiramasa,0,0,0,4,0%,0%,0,8.25
https://kaijo-fishing.com/fishing-facility/raft-fishing-takahashi,0,0,0,4,0%,0%,0,9
https://kaijo-fishing.com/fishing-facility/fukuoka-city-sea-fishing-park,0,0,0,4,0%,0%,0,10
https://kaijo-fishing.com/blog/tactics/fish-strategy/ishidai/advanced/,0,0,0,4,0%,0%,0,11.25
https://kaijo-fishing.com/fishing-facility/tsuri-ikada-fukaura/,0,0,0,4,0%,0%,0,11.25
https://kaijo-fishing.com/blog/chiba-minamiboso-access-guide,0,0,0,4,0%,0%,0,11.5
https://kaijo-fishing.com/blog/hamanako-unagi-trip/,0,0,0,4,0%,0%,0,11.5
https://kaijo-fishing.com/tactics/fish-strategy/ishidai/theory,0,0,0,4,0%,0%,0,11.5
https://kaijo-fishing.com/blog/tactics/fish-strategy/aji-asaba-kamasu/intermediate/,0,0,0,4,0%,0%,0,12
https://kaijo-fishing.com/fishing-facility/west-japan/fukuoka/waita-sea-fishing-pier,0,0,0,4,0%,0%,0,12.5
https://kaijo-fishing.com/tactics/fish-strategy/kue/advanced,0,0,0,4,0%,0%,0,12.5
https://kaijo-fishing.com/blog/tactics/fish-strategy/kue/,0,0,0,4,0%,0%,0,13.75
https://kaijo-fishing.com/blog/fugu/theory/,0,0,0,4,0%,0%,0,14.25
https://kaijo-fishing.com/blog/amakusa-leisure-land/,0,0,0,4,0%,0%,0,14.5
https://kaijo-fishing.com/fishing-facility/west-japan/miyazaki/shibushi-bay-daikoku-dolphin-land,0,0,0,4,0%,0%,0,15.75
https://kaijo-fishing.com/category/dao4-ju4-shao4-jie4,0,0,0,3,0%,0%,0,1
https://kaijo-fishing.com/category/ri/,0,0,0,3,0%,0%,0,1
https://kaijo-fishing.com/category/ri/4/,0,0,0,3,0%,0%,0,3
https://kaijo-fishing.com/category/yu2-zhong3-bie2-gong1-le4/,0,0,0,3,0%,0%,0,3.67
https://kaijo-fishing.com/category/ri/2/,0,0,0,3,0%,0%,0,4
https://kaijo-fishing.com/column/trivia/tide-inside-pond,0,0,0,3,0%,0%,0,4.67
https://kaijo-fishing.com/category/yu2-zhong3-bie2-gong1-le4/7/,0,0,0,3,0%,0%,0,5.33
https://kaijo-fishing.com/blog/column/ranking/nihonkai-hokuriku/,0,0,0,3,0%,0%,0,6
https://kaijo-fishing.com/blog/column/travel/july-naruto-whirlpool-trip/,0,0,0,3,0%,0%,0,6
https://kaijo-fishing.com/blog/intelligence/2026-06-summary/,0,0,0,3,0%,0%,0,7
https://kaijo-fishing.com/column/trivia/april-bluefish-season-guide/,0,0,0,3,0%,0%,0,7.33
https://kaijo-fishing.com/tactics/fish-strategy/shimaji/intermediate,0,0,0,3,0%,0%,0,7.33
https://kaijo-fishing.com/blog/tactics/fish-strategy/buri/strategy/,0,0,0,3,0%,0%,0,7.67
https://kaijo-fishing.com/fishing-facility/amagasaki-city-sea-fishing-park,0,0,0,3,0%,0%,0,9
https://kaijo-fishing.com/category/intelligence/3/,0,0,0,3,0%,0%,0,9.33
https://kaijo-fishing.com/blog/tactics/fish-strategy/kanpachi/intermediate/,0,0,0,3,0%,0%,0,9.67
https://kaijo-fishing.com/blog/tactics/gear/reel-and-line,0,0,0,3,0%,0%,0,10.67
https://kaijo-fishing.com/fishing-facility/kaijo-tsuribori-monkey/,0,0,0,3,0%,0%,0,10.67
https://kaijo-fishing.com/fishing-facility/west-japan/nagasaki/tsuribori-hamakatsu/,0,0,0,3,0%,0%,0,11
https://kaijo-fishing.com/tactics/fish-strategy/isaki/advanced,0,0,0,3,0%,0%,0,13.33
https://kaijo-fishing.com/tactics/beginner/fishing-gear-basics,0,0,0,3,0%,0%,0,15.67
https://kaijo-fishing.com/tactics/gear/safety-gear-guide,0,0,0,3,0%,0%,0,17.67
https://kaijo-fishing.com/blog/awaji-janohire-fishing-park/,0,0,0,3,0%,0%,0,18.33
https://kaijo-fishing.com/blog/column/travel/may-toshijima-toba-trip/,0,0,0,3,0%,0%,0,18.33
https://kaijo-fishing.com/column/trivia/january-new-year-reservation-guide/,0,0,0,3,0%,0%,0,18.67
https://kaijo-fishing.com/fishing-facility/awaji-janohire-fishing-park/,0,0,0,3,0%,0%,0,19.33
https://kaijo-fishing.com/blog/tactics/fish-strategy/fugu/intermediate/,0,0,0,3,0%,0%,0,20
https://kaijo-fishing.com/column/trivia/november-strong-pull-energy-science/,0,0,0,3,0%,0%,0,22.67
https://kaijo-fishing.com/fishing-facility/west-japan/mie,0,0,0,3,0%,0%,0,32.33
https://kaijo-fishing.com/tactics/fish-strategy/kawahagi,0,0,0,3,0%,0%,0,34
https://kaijo-fishing.com/blog/column/trivia/april-thermocline-tana-guide/,0,0,0,2,0%,0%,0,1
https://kaijo-fishing.com/category/intelligence,0,0,0,2,0%,0%,0,1
https://kaijo-fishing.com/pricing/,0,0,0,2,0%,0%,0,1.5
https://kaijo-fishing.com/category/gaido/2/,0,0,0,2,0%,0%,0,2
https://kaijo-fishing.com/category/intelligence/3,0,0,0,2,0%,0%,0,2
https://kaijo-fishing.com/fishing-facility/saikakizaki-seapark,0,0,0,2,0%,0%,0,2
https://kaijo-fishing.com/2025/11/eastjapan/kitanihon-11-pondofacility-information/,0,0,0,2,0%,0%,0,2.5
https://kaijo-fishing.com/contact/,0,0,0,2,0%,0%,0,2.5
https://kaijo-fishing.com/category/intelligence/2/,0,0,0,2,0%,0%,0,3
https://kaijo-fishing.com/fishing-facility/east-japan/kanagawa,0,0,0,2,0%,0%,0,3
https://kaijo-fishing.com/blog/column/trivia/june-summer-shift-signs-guide/,0,0,0,2,0%,0%,0,3.5
https://kaijo-fishing.com/blog/hiramasa/intermediate/,0,0,0,2,0%,0%,0,4
https://kaijo-fishing.com/category/dao4-ju4-shao4-jie4/,0,0,0,2,0%,0%,0,4
https://kaijo-fishing.com/fishing-facility/center-japan/toyama/,0,0,0,2,0%,0%,0,4
https://kaijo-fishing.com/blog/column/trivia/december-new-year-tai-preparation-guide/,0,0,0,2,0%,0%,0,4.5
https://kaijo-fishing.com/blog/ishidai/theory,0,0,0,2,0%,0%,0,4.5
https://kaijo-fishing.com/column/trivia/december-year-end-fishing-strategy/,0,0,0,2,0%,0%,0,5
https://kaijo-fishing.com/column/trivia/why-expensive-fish/,0,0,0,2,0%,0%,0,5
https://kaijo-fishing.com/tactics/beginner/safety-guide,0,0,0,2,0%,0%,0,5
https://kaijo-fishing.com/column/trivia/stocking-time-strategy/,0,0,0,2,0%,0%,0,5.5
https://kaijo-fishing.com/fishing-facility/kaijo-tsuribori-tsuriichi/,0,0,0,2,0%,0%,0,5.5
https://kaijo-fishing.com/fishing-facility/west-japan/kyoto/,0,0,0,2,0%,0%,0,5.5
https://kaijo-fishing.com/blog/mejina/advanced/,0,0,0,2,0%,0%,0,6
https://kaijo-fishing.com/blog/sound-vibration-fishing/,0,0,0,2,0%,0%,0,6
https://kaijo-fishing.com/fishing-facility/tsuribori-denpachiya,0,0,0,2,0%,0%,0,6
https://kaijo-fishing.com/fishing-facility/west-japan/okinawa/motobu-fishing-ikada-umiseikatsu/,0,0,0,2,0%,0%,0,6
https://kaijo-fishing.com/column/travel/april-family-friendly-facilities/,0,0,0,2,0%,0%,0,7
https://kaijo-fishing.com/column/trivia/may-uv-heatstroke-guide/,0,0,0,2,0%,0%,0,7
https://kaijo-fishing.com/fishing-facility/kaijo-tsuribori-opa,0,0,0,2,0%,0%,0,7
https://kaijo-fishing.com/tactics/fish-strategy/ishidai/advanced,0,0,0,2,0%,0%,0,7
https://kaijo-fishing.com/fishing-facility/center-japan/fukui/seapark-nyu,0,0,0,2,0%,0%,0,7.5
https://kaijo-fishing.com/fishing-facility/sea-fishing-pond-kaikei,0,0,0,2,0%,0%,0,7.5
https://kaijo-fishing.com/fishing-facility/west-japan/wakayama/tsuribori-kishu/,0,0,0,2,0%,0%,0,7.5
https://kaijo-fishing.com/tactics/fish-strategy/shimaji/gourmet,0,0,0,2,0%,0%,0,7.5
https://kaijo-fishing.com/fishing-facility/hamabe-tosen-kaijo-tsuribori,0,0,0,2,0%,0%,0,8
https://kaijo-fishing.com/tactics/fish-strategy/aji-asaba-kamasu/gourmet,0,0,0,2,0%,0%,0,8
https://kaijo-fishing.com/tactics/fish-strategy/isaki/theory,0,0,0,2,0%,0%,0,8.5
https://kaijo-fishing.com/blog/column/trivia/november-kue-mahata-rig-guide/,0,0,0,2,0%,0%,0,9
https://kaijo-fishing.com/blog/column/trivia/january-bluefish-liver-sasami-bait-guide/,0,0,0,2,0%,0%,0,9.5
https://kaijo-fishing.com/blog/kue-strategy/,0,0,0,2,0%,0%,0,9.5
https://kaijo-fishing.com/blog/naize-fishing-center/,0,0,0,2,0%,0%,0,9.5
https://kaijo-fishing.com/column/travel/december-kagoshima-ibusuki-trip/,0,0,0,2,0%,0%,0,9.5
https://kaijo-fishing.com/fishing-facility/osaka-sea-fishing-southern,0,0,0,2,0%,0%,0,9.5
https://kaijo-fishing.com/blog/notojima-sea-fishing-center/,0,0,0,2,0%,0%,0,10
https://kaijo-fishing.com/blog/tactics/fish-strategy/kue/intermediate/,0,0,0,2,0%,0%,0,10
https://kaijo-fishing.com/fishing-facility/ikadatsuri-tokai,0,0,0,2,0%,0%,0,10
https://kaijo-fishing.com/2025/07/chubu/chubu-hokuriku/fukuibluepak-ano/,0,0,0,2,0%,0%,0,10.5
https://kaijo-fishing.com/blog/sendai-port-central-park-sea-square,0,0,0,2,0%,0%,0,10.5
https://kaijo-fishing.com/fishing-facility/center-japan/ishikawa/,0,0,0,2,0%,0%,0,10.5
https://kaijo-fishing.com/fishing-facility/ishida-fisherina,0,0,0,2,0%,0%,0,10.5
https://kaijo-fishing.com/blog/buri/intermediate,0,0,0,2,0%,0%,0,11
https://kaijo-fishing.com/column/trivia/morning-magic-science,0,0,0,2,0%,0%,0,11
https://kaijo-fishing.com/blog/tactics/fish-strategy/mejina/intermediate/,0,0,0,2,0%,0%,0,12
https://kaijo-fishing.com/column/trivia/may-mental-refresh-guide/,0,0,0,2,0%,0%,0,12
https://kaijo-fishing.com/column/travel/february-chiba-strawberry-picking-trip/,0,0,0,2,0%,0%,0,13
https://kaijo-fishing.com/column/trivia/september-sea-temperature-boundary-guide/,0,0,0,2,0%,0%,0,15.5
https://kaijo-fishing.com/fishing-facility/kaijo-tsuribori-fukujumaru,0,0,0,2,0%,0%,0,15.5
https://kaijo-fishing.com/fishing-facility/center-japan/shizuoka/,0,0,0,2,0%,0%,0,20.5
https://kaijo-fishing.com/column/trivia/april-pollen-yellow-sand-guide/,0,0,0,2,0%,0%,0,22
https://kaijo-fishing.com/tactics/fish-strategy/fugu/intermediate,0,0,0,2,0%,0%,0,25
https://kaijo-fishing.com/column/trivia/january-cold-line-stiffness-guide/,0,0,0,2,0%,0%,0,27
https://kaijo-fishing.com/fishing-facility/jumbo-fishing-mura,0,0,0,2,0%,0%,0,32
https://kaijo-fishing.com/blog/tactics/gear/,0,0,0,2,0%,0%,0,33.5
https://kaijo-fishing.com/fishing-facility/naoshima-fishing-park,0,0,0,2,0%,0%,0,37
https://kaijo-fishing.com/blog/column/ranking/kanto-tokai/,0,0,0,2,0%,0%,0,39.5
https://kaijo-fishing.com/category/shi1-she4-shao4-jie4/,0,0,0,1,0%,0%,0,1
https://kaijo-fishing.com/column/trivia/march-plankton-fish-vision-science/,0,0,0,1,0%,0%,0,1
https://kaijo-fishing.com/fishing-facility/amakusa-leisure-land/,0,0,0,1,0%,0%,0,1
https://kaijo-fishing.com/blog/intelligence/kansai-vs-kanto-spring,0,0,0,1,0%,0%,0,3
https://kaijo-fishing.com/category/shi1-she4-shao4-jie4/17/,0,0,0,1,0%,0%,0,3
https://kaijo-fishing.com/category/yu2-zhong3-bie2-gong1-le4/3/,0,0,0,1,0%,0%,0,3
https://kaijo-fishing.com/column/travel/access/access-kinki,0,0,0,1,0%,0%,0,3
https://kaijo-fishing.com/blog/kue/theory/,0,0,0,1,0%,0%,0,4
https://kaijo-fishing.com/blog/madai/intermediate/,0,0,0,1,0%,0%,0,4
https://kaijo-fishing.com/fishing-facility/west-japan/nagasaki/shinkamigoto-sea-fishing-pond,0,0,0,1,0%,0%,0,4
https://kaijo-fishing.com/tactics/fish-strategy/madai/theory,0,0,0,1,0%,0%,0,4
https://kaijo-fishing.com/blog/tactics/fish-strategy/buri/advanced/,0,0,0,1,0%,0%,0,5
https://kaijo-fishing.com/column/travel/kagawa-shodoshima-trip/,0,0,0,1,0%,0%,0,5
https://kaijo-fishing.com/column/travel/shirahama-onsen-trip,0,0,0,1,0%,0%,0,5
https://kaijo-fishing.com/column/trivia/acclimatization-science,0,0,0,1,0%,0%,0,5
https://kaijo-fishing.com/column/trivia/stocking-time-strategy,0,0,0,1,0%,0%,0,5
https://kaijo-fishing.com/fishing-facility/atami-port-sea-fishing-facility,0,0,0,1,0%,0%,0,5
https://kaijo-fishing.com/fishing-facility/sanriku-sea-fishing-park,0,0,0,1,0%,0%,0,5
https://kaijo-fishing.com/column/travel/january-minamiise-onsen-trip/,0,0,0,1,0%,0%,0,6
https://kaijo-fishing.com/column/trivia/aging-fish-science,0,0,0,1,0%,0%,0,6
https://kaijo-fishing.com/blog/aji-saba-kamasu-strategy/,0,0,0,1,0%,0%,0,7
https://kaijo-fishing.com/blog/buri/strategy,0,0,0,1,0%,0%,0,7
https://kaijo-fishing.com/blog/column/trivia/march-plankton-fish-vision-science/,0,0,0,1,0%,0%,0,7
https://kaijo-fishing.com/blog/column/trivia/october-cold-snap-tana-prediction-guide/,0,0,0,1,0%,0%,0,7
https://kaijo-fishing.com/blog/intelligence/2026-04-w04,0,0,0,1,0%,0%,0,7
https://kaijo-fishing.com/blog/shimaji-strategy/,0,0,0,1,0%,0%,0,7
https://kaijo-fishing.com/blog/tactics/fish-strategy/isaki/theory/,0,0,0,1,0%,0%,0,7
https://kaijo-fishing.com/blog/tactics/gear/cooler-box-selection,0,0,0,1,0%,0%,0,7
https://kaijo-fishing.com/fishing-facility/amami-sealand/,0,0,0,1,0%,0%,0,7
https://kaijo-fishing.com/fishing-facility/west-japan/kumamoto/amakusa-leisure-land,0,0,0,1,0%,0%,0,7
https://kaijo-fishing.com/fishing-facility/west-japan/yamaguchi/fishing-park-hikari,0,0,0,1,0%,0%,0,7
https://kaijo-fishing.com/tactics/fish-strategy/kawahagi/intermediate/,0,0,0,1,0%,0%,0,7
https://kaijo-fishing.com/blog/chinu/theory/,0,0,0,1,0%,0%,0,8
https://kaijo-fishing.com/blog/intelligence/2026-05-summary/,0,0,0,1,0%,0%,0,8
https://kaijo-fishing.com/blog/ise-shima-model-plan/,0,0,0,1,0%,0%,0,8
https://kaijo-fishing.com/blog/tactics/beginner/gear-maintenance,0,0,0,1,0%,0%,0,8
https://kaijo-fishing.com/blog/tactics/fish-strategy/ishidai/intermediate/,0,0,0,1,0%,0%,0,8
https://kaijo-fishing.com/category/yu2-zhong3-bie2-gong1-le4/9,0,0,0,1,0%,0%,0,8
https://kaijo-fishing.com/column/travel/may-holiday-tsuribori-reservation/,0,0,0,1,0%,0%,0,8
https://kaijo-fishing.com/fishing-facility/amagasaki-city-sea-fishing-park/,0,0,0,1,0%,0%,0,8
https://kaijo-fishing.com/fishing-facility/east-japan/yamagata,0,0,0,1,0%,0%,0,8
https://kaijo-fishing.com/fishing-facility/kaijo-tsuribori-taikoubou,0,0,0,1,0%,0%,0,8
https://kaijo-fishing.com/tactics/fish-strategy/madai/advanced/,0,0,0,1,0%,0%,0,8
https://kaijo-fishing.com/blog/tactics/beginner/first-fishing-pond,0,0,0,1,0%,0%,0,9
https://kaijo-fishing.com/column/travel/access/access-kanto/,0,0,0,1,0%,0%,0,9
https://kaijo-fishing.com/fishing-facility/itoman-ikada-tsurigu-no-zousan/,0,0,0,1,0%,0%,0,9
https://kaijo-fishing.com/fishing-facility/kaijo-tsuribori-tairyomaru,0,0,0,1,0%,0%,0,9
https://kaijo-fishing.com/fishing-facility/west-japan/mie/kaijo-tsuribori-monkey/,0,0,0,1,0%,0%,0,9
https://kaijo-fishing.com/fishing-facility/west-japan/mie/tsuribori-shotokumaru,0,0,0,1,0%,0%,0,9
https://kaijo-fishing.com/fishing-facility/west-japan/oita,0,0,0,1,0%,0%,0,9
https://kaijo-fishing.com/tactics/fish-strategy/chinu/theory,0,0,0,1,0%,0%,0,9
https://kaijo-fishing.com/blog/column/travel/january-minamiise-onsen-trip/,0,0,0,1,0%,0%,0,10
https://kaijo-fishing.com/blog/column/trivia/february-shirasagi-salmon-guide/,0,0,0,1,0%,0%,0,10
https://kaijo-fishing.com/blog/kaijo-tsuribori-benya/,0,0,0,1,0%,0%,0,10
https://kaijo-fishing.com/blog/kue/advanced/,0,0,0,1,0%,0%,0,10
https://kaijo-fishing.com/blog/shimaji/advanced/,0,0,0,1,0%,0%,0,10
https://kaijo-fishing.com/blog/stocking-time-strategy/,0,0,0,1,0%,0%,0,10
https://kaijo-fishing.com/category/shi1-she4-shao4-jie4/11/,0,0,0,1,0%,0%,0,10
https://kaijo-fishing.com/column/travel/access/access-kinki/,0,0,0,1,0%,0%,0,10
https://kaijo-fishing.com/column/trivia/april-beginner-3step-guide/,0,0,0,1,0%,0%,0,10
https://kaijo-fishing.com/column/trivia/how-to-prevent-tangle/,0,0,0,1,0%,0%,0,10
https://kaijo-fishing.com/column/trivia/morning-vs-afternoon-battle/,0,0,0,1,0%,0%,0,10
https://kaijo-fishing.com/fishing-facility/fishing-bridge-akasaki,0,0,0,1,0%,0%,0,10
https://kaijo-fishing.com/fishing-facility/kaijo-tsuribori-maruya/,0,0,0,1,0%,0%,0,10
https://kaijo-fishing.com/fishing-facility/naoetsu-port-3rd-east-breakwater,0,0,0,1,0%,0%,0,10
https://kaijo-fishing.com/fishing-facility/searoad-yawatahama,0,0,0,1,0%,0%,0,10
https://kaijo-fishing.com/tactics/fish-strategy/kanpachi/strategy,0,0,0,1,0%,0%,0,10
https://kaijo-fishing.com/tactics/fish-strategy/madai/gourmet,0,0,0,1,0%,0%,0,10
https://kaijo-fishing.com/tactics/fish-strategy/mejina/intermediate,0,0,0,1,0%,0%,0,10
https://kaijo-fishing.com/tactics/fish-strategy/myakuzuri-extreme-guide/,0,0,0,1,0%,0%,0,10
https://kaijo-fishing.com/tactics/fish-strategy/suzuki/advanced,0,0,0,1,0%,0%,0,10
https://kaijo-fishing.com/tactics/gear/rod-selection,0,0,0,1,0%,0%,0,10
https://kaijo-fishing.com/blog/tsuribori-kishu,0,0,0,1,0%,0%,0,11
https://kaijo-fishing.com/column/trivia/september-original-rig-craft-guide/,0,0,0,1,0%,0%,0,11
https://kaijo-fishing.com/column/trivia/why-madai-red/,0,0,0,1,0%,0%,0,11
https://kaijo-fishing.com/fishing-facility/east-japan/miyagi,0,0,0,1,0%,0%,0,11
https://kaijo-fishing.com/fishing-facility/naize-fishing-center,0,0,0,1,0%,0%,0,11
https://kaijo-fishing.com/fishing-facility/shinmaiko-marine-park-fishing,0,0,0,1,0%,0%,0,11
https://kaijo-fishing.com/fishing-facility/west-japan/fukuoka/,0,0,0,1,0%,0%,0,11
https://kaijo-fishing.com/fishing-facility/east-japan/aomori,0,0,0,1,0%,0%,0,12
https://kaijo-fishing.com/fishing-facility/kobe-hiraiso-sea-fishing-park,0,0,0,1,0%,0%,0,12
https://kaijo-fishing.com/fishing-facility/tsuri-ikada-fukaura,0,0,0,1,0%,0%,0,12
https://kaijo-fishing.com/tactics/fish-strategy/buri/theory,0,0,0,1,0%,0%,0,12
https://kaijo-fishing.com/tactics/fish-strategy/ishidai,0,0,0,1,0%,0%,0,12
https://kaijo-fishing.com/column/trivia/november-bottom-fishing-guide/,0,0,0,1,0%,0%,0,13
https://kaijo-fishing.com/fishing-facility/west-japan/kumamoto/yunoko-fishing-park,0,0,0,1,0%,0%,0,13
https://kaijo-fishing.com/blog/column/trivia/january-low-activity-tai-luring-guide/,0,0,0,1,0%,0%,0,15
https://kaijo-fishing.com/tactics/fish-strategy/madai/intermediate,0,0,0,1,0%,0%,0,15
https://kaijo-fishing.com/fishing-facility/center-japan/fukui/obama-city-fishing-coop-raft/,0,0,0,1,0%,0%,0,17
https://kaijo-fishing.com/blog/aging-fish-science,0,0,0,1,0%,0%,0,18
https://kaijo-fishing.com/blog/kawahagi/intermediate/,0,0,0,1,0%,0%,0,18
https://kaijo-fishing.com/column/trivia/april-fishing-trip-gift-guide/,0,0,0,1,0%,0%,0,19
https://kaijo-fishing.com/column/trivia/march-new-fiscal-year-event-planning-guide/,0,0,0,1,0%,0%,0,19
https://kaijo-fishing.com/blog/column/trivia/june-summer-rig-prep-guide/,0,0,0,1,0%,0%,0,20
https://kaijo-fishing.com/fishing-facility/takashima-tobishima-isotsuri-park,0,0,0,1,0%,0%,0,20
https://kaijo-fishing.com/blog/column/travel/february-chiba-strawberry-picking-trip/,0,0,0,1,0%,0%,0,26
https://kaijo-fishing.com/blog/acclimatization-science,0,0,0,1,0%,0%,0,28
https://kaijo-fishing.com/blog/tactics/gear/safety-gear-guide/,0,0,0,1,0%,0%,0,34
https://kaijo-fishing.com/fishing-facility/hasamaura-fishing-center/,0,0,0,1,0%,0%,0,36
https://kaijo-fishing.com/blog/tactics/beginner/fish-senses,0,0,0,1,0%,0%,0,38
https://kaijo-fishing.com/fishing-facility/west-japan/kyoto/maizuru-shinkai-park/,0,0,0,1,0%,0%,0,41
https://kaijo-fishing.com/fishing-facility/fishing-park-omishima/,0,0,0,1,0%,0%,0,45
https://kaijo-fishing.com/blog/tactics/fish-strategy/chinu/,0,0,0,1,0%,0%,0,50
https://kaijo-fishing.com/tactics/fish-strategy/shimaji/advanced,0,0,0,1,0%,0%,0,52
https://kaijo-fishing.com/fishing-facility/miyazu-city-marine-fishing-park,0,0,0,1,0%,0%,0,54
https://kaijo-fishing.com/blog/,0,0,0,1,0%,0%,0,59
https://kaijo-fishing.com/fishing-facility/east-japan/tokyo/,0,0,0,1,0%,0%,0,60