上位のページ,クリック数,表示回数,CTR,掲載順位
https://kaijo-fishing.com/blog/sea-fishing-park-mikata/,142,1203,11.8%,6.63
https://kaijo-fishing.com/blog/himeji-city-fishing-center,40,530,7.55%,6.39
https://kaijo-fishing.com/blog/itoman-ikada-tsurigu-no-zousan/,33,483,6.83%,8.76
https://kaijo-fishing.com/blog/nanko-fishing-park/,29,994,2.92%,11.91
https://kaijo-fishing.com/blog/yuharai-pond/,29,228,12.72%,8.07
https://kaijo-fishing.com/blog/shibushi-bay-daikoku-dolphin-land/,28,301,9.3%,7.24
https://kaijo-fishing.com/blog/himeji-city-fishing-center/,23,255,9.02%,6.05
https://kaijo-fishing.com/2025/07/westjapan/kansai/matomekiji-kansai/,13,204,6.37%,11.5
https://kaijo-fishing.com/blog/tsuri-ikada-fukaura/,13,196,6.63%,9.56
https://kaijo-fishing.com/2025/07/westjapan/kyusyu/kyusyu-matome/,13,166,7.83%,11.36
https://kaijo-fishing.com/blog/kariyawan-fishing-center/,13,152,8.55%,16.23
https://kaijo-fishing.com/fishing-facility/east-japan/,12,707,1.7%,11.53
https://kaijo-fishing.com/blog/umizuri-port-tajiri/,12,183,6.56%,8.62
https://kaijo-fishing.com/2025/07/westjapan/kyusyu/sibusiiruka-kyusyu/,11,112,9.82%,7.83
https://kaijo-fishing.com/blog/family-tsuribori-tsutteminde/,9,343,2.62%,11.12
https://kaijo-fishing.com/2025/07/westjapan/kansai/maidurupark-kyoto/,9,247,3.64%,11.86
https://kaijo-fishing.com/blog/kamoike-sea-fishing-park/,9,192,4.69%,13.48
https://kaijo-fishing.com/blog/seapark-nyu/,9,137,6.57%,14.15
https://kaijo-fishing.com/blog/fishing-park-sasukeya/,8,199,4.02%,13.61
https://kaijo-fishing.com/fishing-facility/center-japan/shizuoka/fishing-park-toi/,8,150,5.33%,17.87
https://kaijo-fishing.com/2025/09/chubu/chubu-tokai/mie-kaijyo-matome-sitasyori/,8,94,8.51%,14.18
https://kaijo-fishing.com/blog/kaijo-tsuribori-at-sea/,7,277,2.53%,11.72
https://kaijo-fishing.com/blog/tactics/gear/harris-importance/,7,174,4.02%,11.34
https://kaijo-fishing.com/blog/takashima-tobishima-isotsuri-park/,7,124,5.65%,13.86
https://kaijo-fishing.com/blog/wakayama-marinacity-fishing-park,7,124,5.65%,18.73
https://kaijo-fishing.com/fishing-facility/west-japan/okinawa/itoman-ikada-tsurigu-no-zousan,7,108,6.48%,10.67
https://kaijo-fishing.com/2025/09/howto/fishingwear-osusume-kaijyo/,7,76,9.21%,7.64
https://kaijo-fishing.com/fishing-facility/west-japan/miyazaki/shibushi-bay-daikoku-dolphin-land/,7,65,10.77%,13.95
https://kaijo-fishing.com/blog/sea-fishing-park-mikata,7,36,19.44%,9.19
https://kaijo-fishing.com/blog/mukai-pearl-marine/,6,263,2.28%,9.7
https://kaijo-fishing.com/blog/maizuru-shinkai-park/,6,217,2.76%,11.43
https://kaijo-fishing.com/fishing-facility/west-japan/kagoshima/kamoike-sea-fishing-park/,6,120,5%,14.79
https://kaijo-fishing.com/blog/tsuribori-maruyo/,6,108,5.56%,10.66
https://kaijo-fishing.com/fishing-facility/center-japan/fukui/akaguri-sea-fishing-park/,6,92,6.52%,22.95
https://kaijo-fishing.com/2025/07/chubu/chubu-tokai/sinmaikomarin-aichi/,6,76,7.89%,25.92
https://kaijo-fishing.com/2025/07/chubu/chubu-tokai/ousatsuturi-mie/,6,59,10.17%,8.8
https://kaijo-fishing.com/blog/shodoshima-furusatomura-fishing-pier/,6,48,12.5%,7.75
https://kaijo-fishing.com/fishing-facility/west-japan/kagawa/shodoshima-furusatomura-fishing-pier/,6,40,15%,9.32
https://kaijo-fishing.com/fishing-facility/west-japan/,5,324,1.54%,11.17
https://kaijo-fishing.com/2025/09/westjapan/kansai/akasi-atsea/,5,230,2.17%,11
https://kaijo-fishing.com/blog/sendai-port-central-park-sea-square/,5,191,2.62%,9.66
https://kaijo-fishing.com/2025/07/westjapan/kyusyu/jumbfishvill-kyusyu/,5,181,2.76%,9.62
https://kaijo-fishing.com/blog/matsunase-fishing-park/,5,137,3.65%,16.66
https://kaijo-fishing.com/blog/waita-sea-fishing-pier/,5,125,4%,9.66
https://kaijo-fishing.com/blog/wakayama-marinacity-fishing-park/,5,122,4.1%,20.3
https://kaijo-fishing.com/fishing-facility/center-japan/shizuoka/araibenten-sea-fishing-park/,5,106,4.72%,20.38
https://kaijo-fishing.com/tactics/fish-strategy/isaki/gourmet,5,101,4.95%,12.39
https://kaijo-fishing.com/fishing-facility/west-japan/fukuoka/waita-sea-fishing-pier,5,100,5%,11.66
https://kaijo-fishing.com/blog/obama-city-fishing-coop-raft/,5,88,5.68%,15.83
https://kaijo-fishing.com/blog/tactics/fish-strategy/isaki/gourmet/,5,78,6.41%,8.44
https://kaijo-fishing.com/fishing-facility/west-japan/hyogo/suihou-fishing-pond,5,74,6.76%,18.81
https://kaijo-fishing.com/blog/amakusa-rakutsuri/,5,57,8.77%,9.05
https://kaijo-fishing.com/2025/08/howto/turiborihowto-kougakuseikyu/,5,48,10.42%,6.48
https://kaijo-fishing.com/blog/ousatsu-sea-fishing-center/,5,39,12.82%,9.62
https://kaijo-fishing.com/fishing-facility/center-japan/fukui/seapark-nyu,5,39,12.82%,11.03
https://kaijo-fishing.com/fishing-facility/susawan-fishing-park/,5,37,13.51%,12.62
https://kaijo-fishing.com/blog/yura-marine-fishing-pond,5,34,14.71%,18.44
https://kaijo-fishing.com/2025/07/westjapan/okinawa/itoman-ikada/,5,32,15.62%,8.38
https://kaijo-fishing.com/2025/10/コラム/海上釣り堀の料金比較【関東・関西・九州】コス/,4,246,1.63%,9.74
https://kaijo-fishing.com/fishing-facility/west-japan/hyogo/sea-fishing-pond-kaikei/,4,236,1.69%,15.69
https://kaijo-fishing.com/2025/07/chubu/chubu-tokai/araibentenumi-shizuoka/,4,109,3.67%,24.09
https://kaijo-fishing.com/blog/fishing-park-omishima/,4,107,3.74%,22.6
https://kaijo-fishing.com/blog/yura-marine-fishing-pond/,4,79,5.06%,13.72
https://kaijo-fishing.com/blog/anatani-aitai-fishing/,4,75,5.33%,9.15
https://kaijo-fishing.com/blog/sakurajima-sea-fishing-park/,4,75,5.33%,9.84
https://kaijo-fishing.com/fishing-facility/center-japan/,4,75,5.33%,10.36
https://kaijo-fishing.com/2025/07/westjapan/kyusyu/yunojifispark-kyusyu/,4,66,6.06%,10.58
https://kaijo-fishing.com/fishing-facility/center-japan/ishikawa/notojima-sea-fishing-center/,4,66,6.06%,17.02
https://kaijo-fishing.com/2025/07/westjapan/shikoku/shikoku-matome/,4,64,6.25%,11.02
https://kaijo-fishing.com/,4,60,6.67%,7.38
https://kaijo-fishing.com/blog/hasamaura-fishing-center/,4,57,7.02%,13.96
https://kaijo-fishing.com/blog/amakusa-rakutsuri,4,56,7.14%,12.04
https://kaijo-fishing.com/fishing-facility/sea-fishing-park-mikata,4,55,7.27%,8.69
https://kaijo-fishing.com/blog/kashikojima-fishing-park-kaiyuen/,4,54,7.41%,12.24
https://kaijo-fishing.com/blog/column/trivia/how-to-cook-kampachi/,4,53,7.55%,12.06
https://kaijo-fishing.com/column/trivia/tana-basics/,4,41,9.76%,10.29
https://kaijo-fishing.com/blog/isaki/,4,36,11.11%,10.97
https://kaijo-fishing.com/blog/tsuribori-kishu,4,32,12.5%,8.28
https://kaijo-fishing.com/blog/susawan-fishing-park,4,31,12.9%,7.84
https://kaijo-fishing.com/2025/07/westjapan/kansai/saigasaki-park/,4,29,13.79%,14.9
https://kaijo-fishing.com/tactics/gear/knot-strength-test/,4,26,15.38%,10.04
https://kaijo-fishing.com/blog/history-of-fishing-pond/,4,23,17.39%,5.3
https://kaijo-fishing.com/fishing-facility/tsuri-ikada-fukaura/,4,14,28.57%,12.14
https://kaijo-fishing.com/2025/07/chubu/chubu-tokai/anatani-mie/,3,216,1.39%,9.4
https://kaijo-fishing.com/blog/shinojima-tsuri-tengoku/,3,173,1.73%,14.48
https://kaijo-fishing.com/blog/family-tsuribori-tsutteminde,3,151,1.99%,10.58
https://kaijo-fishing.com/blog/tsuruga-city-sea-fishing-park/,3,127,2.36%,10.24
https://kaijo-fishing.com/tactics/fish-strategy/shimaji/,3,113,2.65%,8.73
https://kaijo-fishing.com/2025/07/westjapan/shikoku/furusato-sanbashi/,3,108,2.78%,7.14
https://kaijo-fishing.com/fishing-facility/nanko-fishing-park,3,98,3.06%,21.34
https://kaijo-fishing.com/blog/hiruga-sea-fishing-pond/,3,90,3.33%,17.17
https://kaijo-fishing.com/fishing-facility/west-japan/kumamoto/sea-fishing-land/,3,89,3.37%,12.18
https://kaijo-fishing.com/blog/fukuoka-city-sea-fishing-park/,3,87,3.45%,13.14
https://kaijo-fishing.com/blog/waita-sea-fishing-pier,3,85,3.53%,9.59
https://kaijo-fishing.com/2025/07/chubu/chubu-hokuriku/hiruga-fishiland/,3,82,3.66%,18.85
https://kaijo-fishing.com/2025/07/eastjapan/kanto/kantou-matome/,3,82,3.66%,23.05
https://kaijo-fishing.com/2025/07/westjapan/chugoku/shimanami-turibori/,3,79,3.8%,15.94
https://kaijo-fishing.com/blog/kaijo-tsuribori-yuasa/,3,74,4.05%,11.62
https://kaijo-fishing.com/blog/suma-sea-fishing-park/,3,65,4.62%,9.71
https://kaijo-fishing.com/blog/naoshima-fishing-park/,3,63,4.76%,11.62
https://kaijo-fishing.com/blog/shinmaiko-marine-park-fishing/,3,63,4.76%,12.97
https://kaijo-fishing.com/blog/maizuru-shinkai-park,3,63,4.76%,13.98
https://kaijo-fishing.com/blog/kariyawan-fishing-center,3,59,5.08%,21.03
https://kaijo-fishing.com/blog/bakucho-mihama-fishing-park/,3,52,5.77%,10.77
https://kaijo-fishing.com/blog/saikakizaki-seapark/,3,52,5.77%,17.12
https://kaijo-fishing.com/blog/kagawa-shodoshima-trip/,3,49,6.12%,15.98
https://kaijo-fishing.com/blog/column/ranking/kansai/,3,48,6.25%,18.17
https://kaijo-fishing.com/2026/01/fishingtech/winter-salmon-strategy/,3,47,6.38%,11.55
https://kaijo-fishing.com/blog/tsuribori-denpachiya/,3,44,6.82%,12.09
https://kaijo-fishing.com/column/trivia/seat-selection-strategy/,3,43,6.98%,4.63
https://kaijo-fishing.com/blog/shinkamigoto-sea-fishing-pond/,3,43,6.98%,7.86
https://kaijo-fishing.com/2025/07/westjapan/kyusyu/umiduriland-kyusyu/,3,43,6.98%,13.05
https://kaijo-fishing.com/blog/fishing-park-toi/,3,42,7.14%,12.38
https://kaijo-fishing.com/blog/naoshima-fishing-park,3,37,8.11%,10.03
https://kaijo-fishing.com/2025/07/chubu/chubu-hokuriku/fishbridge-akasaki/,3,34,8.82%,7.85
https://kaijo-fishing.com/2025/07/chubu/chubu-hokuriku/wakasa-takahama/,3,27,11.11%,17.48
https://kaijo-fishing.com/blog/araibenten-sea-fishing-park,3,27,11.11%,22.26
https://kaijo-fishing.com/blog/itoman-ikada-tsurigu-no-zousan,3,26,11.54%,8.19
https://kaijo-fishing.com/blog/raft-fishing-takahashi/,3,25,12%,8.52
https://kaijo-fishing.com/blog/bait-rotation/,3,22,13.64%,8.05
https://kaijo-fishing.com/blog/ishidai/theory,3,11,27.27%,5.36
https://kaijo-fishing.com/2025/07/westjapan/kansai/tottopark-osaka/,2,501,0.4%,11.36
https://kaijo-fishing.com/fishing-facility/west-japan/hyogo/kaijo-tsuribori-at-sea/,2,236,0.85%,11.1
https://kaijo-fishing.com/2025/07/westjapan/kyusyu/wakitaturisanbashi-kyusyu/,2,171,1.17%,8.95
https://kaijo-fishing.com/blog/sendai-port-central-park-sea-square,2,121,1.65%,8.79
https://kaijo-fishing.com/2025/07/chubu/chubu-tokai/toyohamaturi-aichi/,2,116,1.72%,14.36
https://kaijo-fishing.com/blog/kaijo-tsuribori-kaiyu/,2,114,1.75%,12.09
https://kaijo-fishing.com/2025/07/westjapan/kyusyu/turihamakatu-kyusyu/,2,102,1.96%,11.16
https://kaijo-fishing.com/2025/07/westjapan/chugoku/chugoku-matome/,2,91,2.2%,12.92
https://kaijo-fishing.com/blog/araibenten-sea-fishing-park/,2,88,2.27%,24.77
https://kaijo-fishing.com/2025/07/westjapan/chugoku/fishingpark-hikari/,2,83,2.41%,14.94
https://kaijo-fishing.com/2025/09/howto/初心者必見！海上釣り堀の魚持ち帰り＆捌きサー/,2,80,2.5%,12.68
https://kaijo-fishing.com/blog/futomi-flower-isotsuri-center/,2,76,2.63%,12.61
https://kaijo-fishing.com/blog/column/trivia/tsuyu-rainy-day-strategy/,2,72,2.78%,9.03
https://kaijo-fishing.com/blog/yura-sea-fishing-park/,2,65,3.08%,20.12
https://kaijo-fishing.com/fishing-facility/nanko-fishing-park/,2,60,3.33%,12.22
https://kaijo-fishing.com/fishing-facility/west-japan/kyoto/maizuru-shinkai-park/,2,57,3.51%,17.72
https://kaijo-fishing.com/2025/07/chubu/chubu-hokuriku/hiruga-kaijoturi/,2,57,3.51%,21.12
https://kaijo-fishing.com/2025/07/eastjapan/tohoku/sendai-cenpark/,2,56,3.57%,15.86
https://kaijo-fishing.com/2025/07/chubu/chubu-tokai/paritoriton-mie/,2,51,3.92%,23.02
https://kaijo-fishing.com/blog/original-maker-sea-fishing-park/,2,50,4%,7.78
https://kaijo-fishing.com/fishing-facility/east-japan/miyagi/sendai-port-central-park-sea-square,2,47,4.26%,12.28
https://kaijo-fishing.com/blog/umizuri-port-tajiri,2,41,4.88%,10.15
https://kaijo-fishing.com/fishing-facility/west-japan/wakayama/saikakizaki-seapark/,2,40,5%,23.9
https://kaijo-fishing.com/2025/07/chubu/chubu-hokuriku/notojima-rinkaisen/,2,38,5.26%,14.55
https://kaijo-fishing.com/fishing-facility/west-japan/hyogo/himeji-city-fishing-center/,2,37,5.41%,14.78
https://kaijo-fishing.com/2026/02/fishingtech/winter-target-kurosoi-salmon-guide/,2,36,5.56%,9.06
https://kaijo-fishing.com/column/trivia/myaku-fishing-vs-uki/,2,33,6.06%,6.7
https://kaijo-fishing.com/blog/kakata-fishing-pond,2,33,6.06%,9.76
https://kaijo-fishing.com/blog/kamoike-sea-fishing-park,2,33,6.06%,17.52
https://kaijo-fishing.com/2025/09/コラム/colum-turibunkasaikou/,2,32,6.25%,13.59
https://kaijo-fishing.com/fishing-facility/east-japan/miyagi/,2,32,6.25%,19.41
https://kaijo-fishing.com/blog/fishing-bridge-akasaki/,2,31,6.45%,9.39
https://kaijo-fishing.com/blog/fugu/theory/,2,29,6.9%,8
https://kaijo-fishing.com/blog/ishidai-strategy/,2,28,7.14%,12.43
https://kaijo-fishing.com/blog/yuharai-pond,2,27,7.41%,9.07
https://kaijo-fishing.com/blog/awaji-janohire-fishing-park,2,27,7.41%,26.7
https://kaijo-fishing.com/fishing-facility/west-japan/kumamoto/kaijo-tsuribori-tsuriichi/,2,26,7.69%,11.46
https://kaijo-fishing.com/column/travel/kagawa-shodoshima-trip,2,25,8%,8.32
https://kaijo-fishing.com/2025/07/chubu/chubu-tokai/parktoi-shizuoka/,2,25,8%,12.36
https://kaijo-fishing.com/blog/ikadatsuri-tokai,2,25,8%,20.84
https://kaijo-fishing.com/fishing-facility/obama-city-fishing-coop-raft,2,24,8.33%,7.79
https://kaijo-fishing.com/blog/yunoko-fishing-park,2,24,8.33%,11.12
https://kaijo-fishing.com/2025/07/westjapan/kansai/himejiyuugi-hyogo/,2,24,8.33%,13.62
https://kaijo-fishing.com/blog/shimanami-kaido-fishing-park,2,23,8.7%,14.22
https://kaijo-fishing.com/blog/tactics/beginner/tide-basics/,2,23,8.7%,23.35
https://kaijo-fishing.com/fishing-facility/hiruga-sea-fishing-pond,2,21,9.52%,18.05
https://kaijo-fishing.com/column/travel/june-all-weather-facilities/,2,20,10%,6.9
https://kaijo-fishing.com/blog/tsuribori-maruyo,2,20,10%,9.25
https://kaijo-fishing.com/tactics/fish-strategy/,2,20,10%,12.7
https://kaijo-fishing.com/blog/wakasa-takahama-sea-fishing-park/,2,19,10.53%,10.58
https://kaijo-fishing.com/fishing-facility/west-japan/mie/kaijo-tsuribori-benya,2,19,10.53%,36.16
https://kaijo-fishing.com/blog/kaijo-tsuribori-opa,2,18,11.11%,8.11
https://kaijo-fishing.com/fishing-facility/tsuruga-city-sea-fishing-park/,2,18,11.11%,12.89
https://kaijo-fishing.com/fishing-facility/original-maker-sea-fishing-park,2,17,11.76%,7.35
https://kaijo-fishing.com/category/eastjapan/hokkaido/,2,17,11.76%,9.71
https://kaijo-fishing.com/blog/kobe-hiraiso-sea-fishing-park,2,17,11.76%,17.29
https://kaijo-fishing.com/fishing-facility/west-japan/ehime/searoad-yawatahama/,2,17,11.76%,18.88
https://kaijo-fishing.com/blog/tactics/gear/cooler-box-selection/,2,16,12.5%,9.5
https://kaijo-fishing.com/fishing-facility/akaguri-sea-fishing-park,2,15,13.33%,7
https://kaijo-fishing.com/blog/searoad-yawatahama,2,15,13.33%,8.2
https://kaijo-fishing.com/column/ranking/nihonkai-hokuriku/,2,15,13.33%,27.53
https://kaijo-fishing.com/tactics/gear/,2,14,14.29%,12.86
https://kaijo-fishing.com/fishing-facility/west-japan/hiroshima/shimanami-kaido-fishing-park,2,13,15.38%,15.62
https://kaijo-fishing.com/2025/07/chubu/chubu-tokai/matunasefish-mie/,2,13,15.38%,22.31
https://kaijo-fishing.com/2025/09/fishingtech/simaaji-nazetureru/,2,12,16.67%,21.33
https://kaijo-fishing.com/blog/kaijo-tsuribori-tairyomaru,2,11,18.18%,11.45
https://kaijo-fishing.com/blog/shimaji/theory/,2,10,20%,7.5
https://kaijo-fishing.com/fishing-facility/blue-park-ano/,2,9,22.22%,7.67
https://kaijo-fishing.com/blog/ishidai-strategy,2,8,25%,9.62
https://kaijo-fishing.com/column/trivia/rainy-day-fishing-truth,2,8,25%,10.5
https://kaijo-fishing.com/tactics/fish-strategy/kawahagi,2,8,25%,18
https://kaijo-fishing.com/blog/tactics/gear/reel-and-line,2,7,28.57%,10.43
https://kaijo-fishing.com/blog/shimaji-strategy/,2,6,33.33%,9.5
https://kaijo-fishing.com/blog/tactics/fish-strategy/mejina/theory/,2,2,100%,3
https://kaijo-fishing.com/blog/fugu-strategy,2,2,100%,7.5
https://kaijo-fishing.com/fishing-facility/west-japan/osaka/totto-park-koshima/,1,163,0.61%,13.13
https://kaijo-fishing.com/2025/07/westjapan/kansai/turibori-kaiei/,1,141,0.71%,15.26
https://kaijo-fishing.com/blog/cloudy-day-advantage/,1,129,0.78%,8.22
https://kaijo-fishing.com/fishing-facility/tomakomai-port-sea-fishing-facility,1,117,0.85%,10.23
https://kaijo-fishing.com/2025/07/westjapan/kansai/hyogo-suihou/,1,111,0.9%,20.75
https://kaijo-fishing.com/2025/09/howto/season-fishselect/,1,101,0.99%,7.37
https://kaijo-fishing.com/fishing-facility/west-japan/fukuoka/fukuoka-city-sea-fishing-park/,1,101,0.99%,29.13
https://kaijo-fishing.com/blog/totto-park-koshima/,1,92,1.09%,13.96
https://kaijo-fishing.com/blog/asamushi-sea-fishing-park/,1,89,1.12%,9.13
https://kaijo-fishing.com/fishing-facility/totto-park-koshima/,1,85,1.18%,12.84
https://kaijo-fishing.com/fishing-facility/miura-kaiou/,1,82,1.22%,12.6
https://kaijo-fishing.com/blog/kaijo-tsuribori-misaki/,1,82,1.22%,17.87
https://kaijo-fishing.com/tactics/fish-strategy/kue/gourmet/,1,78,1.28%,10.56
https://kaijo-fishing.com/fishing-facility/yura-marine-fishing-pond,1,78,1.28%,12.58
https://kaijo-fishing.com/fishing-facility/family-tsuribori-tsutteminde/,1,77,1.3%,10.21
https://kaijo-fishing.com/2025/07/westjapan/kansai/sumaduri-hyogo/,1,77,1.3%,16.35
https://kaijo-fishing.com/blog/why-madai-red/,1,75,1.33%,11.32
https://kaijo-fishing.com/fishing-facility/,1,74,1.35%,18.16
https://kaijo-fishing.com/fishing-facility/west-japan/osaka/nanko-fishing-park/,1,73,1.37%,25.99
https://kaijo-fishing.com/tactics/fish-strategy/kue/,1,69,1.45%,8.61
https://kaijo-fishing.com/blog/suihou-fishing-pond/,1,65,1.54%,19.78
https://kaijo-fishing.com/2025/07/westjapan/shikoku/naoshima-turikouen/,1,62,1.61%,8.45
https://kaijo-fishing.com/2025/07/chubu/chubu-tokai/kaijyowakou-mie/,1,62,1.61%,12.05
https://kaijo-fishing.com/blog/ikadatsuri-tokai/,1,61,1.64%,11.64
https://kaijo-fishing.com/fishing-facility/center-japan/aichi/shinojima-tsuri-tengoku/,1,60,1.67%,20.38
https://kaijo-fishing.com/fishing-facility/sea-fishing-park-mikata/,1,58,1.72%,9.41
https://kaijo-fishing.com/fishing-facility/kaijo-tsuribori-kaiyu,1,57,1.75%,11.04
https://kaijo-fishing.com/fishing-facility/hiruga-sea-fishing-pond/,1,54,1.85%,10.24
https://kaijo-fishing.com/2025/09/westjapan/kansai/wakayama-kaijyo-matome-sitasyori/,1,54,1.85%,24.93
https://kaijo-fishing.com/blog/jumbo-fishing-mura,1,53,1.89%,18.6
https://kaijo-fishing.com/fishing-facility/west-japan/mie/matsunase-fishing-park/,1,48,2.08%,34.08
https://kaijo-fishing.com/column/trivia/august-dead-bait-technique/,1,47,2.13%,7.21
https://kaijo-fishing.com/2025/07/westjapan/kansai/kaijyo-misaki/,1,47,2.13%,12.68
https://kaijo-fishing.com/fishing-facility/west-japan/hyogo/kobe-hiraiso-sea-fishing-park/,1,46,2.17%,30.72
https://kaijo-fishing.com/fishing-facility/fukuoka-city-sea-fishing-park,1,46,2.17%,32
https://kaijo-fishing.com/fishing-facility/west-japan/kagoshima/sakurajima-sea-fishing-park/,1,44,2.27%,13.07
https://kaijo-fishing.com/blog/kaijo-tsuribori-yukimaru/,1,44,2.27%,14.61
https://kaijo-fishing.com/fishing-facility/jogashima-js-fishing,1,44,2.27%,18.11
https://kaijo-fishing.com/2025/07/westjapan/kansai/marinacityttu-wakayama/,1,44,2.27%,22.2
https://kaijo-fishing.com/column/ranking/chugoku-shikoku/,1,43,2.33%,14.81
https://kaijo-fishing.com/fishing-facility/umizuri-port-tajiri,1,42,2.38%,9.05
https://kaijo-fishing.com/2025/07/chubu/chubu-tokai/mihamafishpark-aichi/,1,42,2.38%,27.26
https://kaijo-fishing.com/tactics/gear/harris-importance,1,41,2.44%,9.22
https://kaijo-fishing.com/blog/futomi-flower-isotsuri-center,1,41,2.44%,11.17
https://kaijo-fishing.com/fishing-facility/asamushi-sea-fishing-park/,1,41,2.44%,14.63
https://kaijo-fishing.com/blog/tactics/fish-strategy/mejina/gourmet/,1,40,2.5%,13.28
https://kaijo-fishing.com/tactics/fish-strategy/kanpachi/,1,34,2.94%,6.88
https://kaijo-fishing.com/blog/nanko-fishing-park,1,34,2.94%,15.79
https://kaijo-fishing.com/2025/07/westjapan/kyusyu/takasitobisikma-kyusyu/,1,34,2.94%,17.35
https://kaijo-fishing.com/fishing-facility/center-japan/fukui/obama-city-fishing-coop-raft/,1,34,2.94%,18.12
https://kaijo-fishing.com/tactics/gear/myakuzuri-gear,1,34,2.94%,37.94
https://kaijo-fishing.com/blog/tsuruga-city-sea-fishing-park,1,32,3.12%,12.22
https://kaijo-fishing.com/column/trivia/rental-tackle-honest-review/,1,31,3.23%,8.81
https://kaijo-fishing.com/fishing-facility/yura-sea-fishing-park/,1,31,3.23%,11.23
https://kaijo-fishing.com/2025/07/westjapan/shikoku/hamabe-tosen/,1,30,3.33%,14.07
https://kaijo-fishing.com/fishing-facility/east-japan/hokkaido/tomakomai-facility/tomakomai-port-sea-fishing-facility,1,30,3.33%,23.47
https://kaijo-fishing.com/2025/09/howto/海上釣り堀でマグロに挑戦！初心者向け完全ガイ/,1,28,3.57%,10.39
https://kaijo-fishing.com/blog/tomakomai-port-sea-fishing-facility/,1,28,3.57%,20.5
https://kaijo-fishing.com/blog/hiake-kaikyo-fishing-park,1,27,3.7%,12.89
https://kaijo-fishing.com/2025/07/westjapan/kansai/minamikouturi-osaka/,1,27,3.7%,31.26
https://kaijo-fishing.com/blog/kaijo-tsuribori-tsuriichi/,1,26,3.85%,8.5
https://kaijo-fishing.com/tactics/fish-strategy/suzuki/intermediate,1,25,4%,8.4
https://kaijo-fishing.com/2025/10/howto/madai-fishing-tips-2025/,1,25,4%,8.88
https://kaijo-fishing.com/blog/takashima-tobishima-isotsuri-park,1,25,4%,11.76
https://kaijo-fishing.com/fishing-facility/west-japan/kagawa/naoshima-fishing-park,1,25,4%,14.28
https://kaijo-fishing.com/blog/sanriku-sea-fishing-park/,1,24,4.17%,7.83
https://kaijo-fishing.com/blog/ugata-hamatsuri-center/,1,24,4.17%,8.08
https://kaijo-fishing.com/column/ranking/kansai/,1,24,4.17%,25.33
https://kaijo-fishing.com/blog/ishidai/theory/,1,23,4.35%,6.96
https://kaijo-fishing.com/2025/07/chubu/chubu-tokai/chubutokai-matome/,1,23,4.35%,12.48
https://kaijo-fishing.com/blog/shibushi-bay-daikoku-dolphin-land,1,22,4.55%,7.55
https://kaijo-fishing.com/fishing-facility/kaijo-tsuribori-kaiyu/,1,22,4.55%,8.18
https://kaijo-fishing.com/blog/hasamaura-fishing-center,1,22,4.55%,11.14
https://kaijo-fishing.com/blog/fishing-park-hikari,1,22,4.55%,14.68
https://kaijo-fishing.com/fishing-facility/west-japan/kumamoto/amakusa-leisure-land,1,22,4.55%,15.5
https://kaijo-fishing.com/blog/sea-fishing-land/,1,21,4.76%,10.52
https://kaijo-fishing.com/tactics/fish-strategy/myakuzuri-extreme-guide,1,21,4.76%,12.43
https://kaijo-fishing.com/blog/jogashima-js-fishing,1,21,4.76%,14.57
https://kaijo-fishing.com/blog/matsunase-fishing-park,1,21,4.76%,14.86
https://kaijo-fishing.com/fishing-facility/center-japan/shizuoka/ikadatsuri-tokai,1,21,4.76%,24.52
https://kaijo-fishing.com/blog/intelligence/summer-bluefish-forecast/,1,20,5%,8.1
https://kaijo-fishing.com/blog/seat-selection-strategy,1,20,5%,11.85
https://kaijo-fishing.com/fishing-facility/kaijo-tsuribori-at-sea,1,19,5.26%,7.68
https://kaijo-fishing.com/blog/hiramasa/theory/,1,19,5.26%,8.37
https://kaijo-fishing.com/blog/miyazu-city-marine-fishing-park/,1,19,5.26%,12.74
https://kaijo-fishing.com/blog/fishing-park-triton/,1,19,5.26%,27.58
https://kaijo-fishing.com/blog/iwaki-sea-fishing-center/,1,18,5.56%,8.39
https://kaijo-fishing.com/blog/fishing-bridge-akasaki,1,18,5.56%,8.94
https://kaijo-fishing.com/blog/atami-port-sea-fishing-facility/,1,18,5.56%,10.39
https://kaijo-fishing.com/tactics/beginner/tide-basics/,1,18,5.56%,14.5
https://kaijo-fishing.com/blog/tactics/gear/myakuzuri-gear/,1,18,5.56%,28.56
https://kaijo-fishing.com/blog/fishing-park-omishima,1,18,5.56%,31.56
https://kaijo-fishing.com/2025/07/westjapan/kansai/turibori-kisyu/,1,17,5.88%,8.88
https://kaijo-fishing.com/blog/shimanami-kaido-fishing-park/,1,17,5.88%,11.29
https://kaijo-fishing.com/2025/07/chubu/chubu-tokai/atamikouumidu-shizoka/,1,17,5.88%,11.47
https://kaijo-fishing.com/blog/tactics/gear/uki-setup/,1,17,5.88%,18.88
https://kaijo-fishing.com/tactics/beginner/tide-basics,1,17,5.88%,48.76
https://kaijo-fishing.com/tactics/fish-strategy/shimaji/gourmet,1,16,6.25%,7.44
https://kaijo-fishing.com/blog/tsuribori-kishu/,1,16,6.25%,7.69
https://kaijo-fishing.com/fishing-facility/west-japan/mie/ousatsu-sea-fishing-center,1,16,6.25%,9.19
https://kaijo-fishing.com/2025/07/chubu/chubu-hokuriku/ishida-fisharean/,1,16,6.25%,10.12
https://kaijo-fishing.com/blog/kashikojima-fishing-park-kaiyuen,1,16,6.25%,13.75
https://kaijo-fishing.com/fishing-facility/futomi-flower-isotsuri-center,1,16,6.25%,13.88
https://kaijo-fishing.com/tactics/gear/uki-setup,1,16,6.25%,17
https://kaijo-fishing.com/fishing-facility/center-japan/fukui/akaguri-sea-fishing-park,1,16,6.25%,17.94
https://kaijo-fishing.com/2025/07/westjapan/kansai/kaijyo-sazan/,1,16,6.25%,24.75
https://kaijo-fishing.com/tactics/fish-strategy/ishidai,1,16,6.25%,26.44
https://kaijo-fishing.com/blog/kanpachi-strategy/,1,15,6.67%,8.07
https://kaijo-fishing.com/blog/jumbo-fishing-mura/,1,15,6.67%,9.53
https://kaijo-fishing.com/blog/kaijo-tsuribori-taikoubou/,1,15,6.67%,21.07
https://kaijo-fishing.com/blog/niigata-east-port-2nd-east-breakwater,1,14,7.14%,6.21
https://kaijo-fishing.com/blog/intelligence/summer-bluefish-forecast,1,14,7.14%,6.43
https://kaijo-fishing.com/blog/kaijo-tsuribori-opa/,1,14,7.14%,9.5
https://kaijo-fishing.com/fishing-facility/west-japan/hyogo/himeji-city-fishing-center,1,14,7.14%,11.86
https://kaijo-fishing.com/blog/suzuki/intermediate/,1,14,7.14%,17.43
https://kaijo-fishing.com/column/ranking/kanto-tokai/,1,14,7.14%,19.86
https://kaijo-fishing.com/fishing-facility/kaijo-tsuribori-taikoubou/,1,14,7.14%,20.64
https://kaijo-fishing.com/blog/column/travel/june-all-weather-facilities/,1,13,7.69%,7.15
https://kaijo-fishing.com/blog/kaijo-tsuribori-tsuriichi,1,13,7.69%,7.31
https://kaijo-fishing.com/column/trivia/september-autumn-feeding-rig-guide/,1,13,7.69%,9.62
https://kaijo-fishing.com/blog/hook-size-science/,1,13,7.69%,10.69
https://kaijo-fishing.com/blog/yunoko-fishing-park/,1,13,7.69%,14.23
https://kaijo-fishing.com/blog/kaijo-tsuribori-benya,1,13,7.69%,25.08
https://kaijo-fishing.com/fishing-facility/umizuri-port-tajiri/,1,12,8.33%,3.5
https://kaijo-fishing.com/blog/hook-size-science,1,12,8.33%,7.58
https://kaijo-fishing.com/blog/susawan-fishing-park/,1,12,8.33%,8.42
https://kaijo-fishing.com/fishing-facility/shinmaiko-marine-park-fishing/,1,12,8.33%,9
https://kaijo-fishing.com/blog/tactics/fish-strategy/isaki/advanced/,1,12,8.33%,11.08
https://kaijo-fishing.com/blog/kaijo-tsuribori-misaki,1,12,8.33%,16.33
https://kaijo-fishing.com/2026/01/fishingtech/buri-fishing-guide/,1,12,8.33%,19.25
https://kaijo-fishing.com/fishing-facility/tsuruga-city-sea-fishing-park,1,11,9.09%,6.73
https://kaijo-fishing.com/blog/kaijo-tsuribori-yuasa,1,11,9.09%,7.27
https://kaijo-fishing.com/blog/tactics/fish-strategy/madai/gourmet/,1,11,9.09%,9.36
https://kaijo-fishing.com/blog/miura-kaiou,1,11,9.09%,9.45
https://kaijo-fishing.com/blog/koueimaru,1,11,9.09%,10.18
https://kaijo-fishing.com/2025/07/westjapan/chugoku/susawan-fising/,1,11,9.09%,10.64
https://kaijo-fishing.com/blog/tsuribori-hamakatsu,1,11,9.09%,12.09
https://kaijo-fishing.com/blog/seapark-nyu,1,11,9.09%,13.18
https://kaijo-fishing.com/fishing-facility/shinmaiko-marine-park-fishing,1,11,9.09%,28.27
https://kaijo-fishing.com/blog/tactics/fish-strategy/madai/theory/,1,10,10%,5.6
https://kaijo-fishing.com/blog/kaijo-tsuribori-benya/,1,10,10%,6.7
https://kaijo-fishing.com/column/travel/hamanako-unagi-trip/,1,10,10%,6.7
https://kaijo-fishing.com/blog/fishing-land-hyuga/,1,10,10%,7
https://kaijo-fishing.com/fishing-facility/sea-fishing-land/,1,10,10%,9.2
https://kaijo-fishing.com/blog/tactics/beginner/bait-guide,1,10,10%,11.4
https://kaijo-fishing.com/fishing-facility/fishing-rainbow,1,10,10%,13.9
https://kaijo-fishing.com/fishing-facility/west-japan/nagasaki/tsuribori-hamakatsu,1,10,10%,17.1
https://kaijo-fishing.com/2025/07/eastjapan/hokkaido/tomakomai-umiduri/,1,10,10%,18.5
https://kaijo-fishing.com/blog/fishing-park-triton,1,10,10%,19.5
https://kaijo-fishing.com/blog/bakucho-mihama-fishing-park,1,10,10%,23.1
https://kaijo-fishing.com/fishing-facility/west-japan/mie,1,10,10%,23.2
https://kaijo-fishing.com/blog/sea-fishing-land,1,9,11.11%,8.56
https://kaijo-fishing.com/blog/tactics/fish-strategy/chinu/theory/,1,9,11.11%,8.78
https://kaijo-fishing.com/tactics/,1,9,11.11%,8.78
https://kaijo-fishing.com/blog/ugata-hamatsuri-center,1,9,11.11%,13
https://kaijo-fishing.com/fishing-facility/center-japan/fukui/obama-city-fishing-coop-raft,1,9,11.11%,16.67
https://kaijo-fishing.com/fishing-facility/west-japan/hyogo/suihou-fishing-pond/,1,9,11.11%,16.89
https://kaijo-fishing.com/fishing-facility/naoshima-fishing-park/,1,9,11.11%,20.56
https://kaijo-fishing.com/blog/tomakomai-port-sea-fishing-facility,1,9,11.11%,26.33
https://kaijo-fishing.com/blog/column/trivia/june-tackle-storage-mold-guide/,1,8,12.5%,4.88
https://kaijo-fishing.com/blog/ise-shima-model-plan/,1,8,12.5%,6.88
https://kaijo-fishing.com/fishing-facility/niigata-east-port-2nd-east-breakwater,1,8,12.5%,7.25
https://kaijo-fishing.com/blog/madai/theory/,1,8,12.5%,9.5
https://kaijo-fishing.com/fishing-facility/east-japan/aomori/asamushi-sea-fishing-park,1,8,12.5%,11.75
https://kaijo-fishing.com/blog/tactics/gear/uki-setup,1,8,12.5%,15.12
https://kaijo-fishing.com/fishing-facility/kashikojima-fishing-park-kaiyuen,1,8,12.5%,15.12
https://kaijo-fishing.com/column/trivia/myaku-fishing-vs-uki,1,8,12.5%,18.12
https://kaijo-fishing.com/fishing-facility/west-japan/osaka/kaijo-tsuribori-misaki,1,8,12.5%,21.88
https://kaijo-fishing.com/blog/seat-selection-strategy/,1,7,14.29%,4
https://kaijo-fishing.com/blog/tactics/fish-strategy/buri/intermediate/,1,7,14.29%,5.57
https://kaijo-fishing.com/blog/why-fish-delicious,1,7,14.29%,6.29
https://kaijo-fishing.com/tactics/fish-strategy/madai/theory,1,7,14.29%,6.43
https://kaijo-fishing.com/blog/column/trivia/morning-vs-afternoon-battle/,1,7,14.29%,7
https://kaijo-fishing.com/blog/kanagawa-miura-trip/,1,7,14.29%,8.14
https://kaijo-fishing.com/fishing-facility/west-japan/saga/kariyawan-fishing-center,1,7,14.29%,11.86
https://kaijo-fishing.com/blog/column/trivia/may-spawning-tai-taste-guide/,1,7,14.29%,15.29
https://kaijo-fishing.com/blog/motobu-fishing-ikada-umiseikatsu,1,7,14.29%,31
https://kaijo-fishing.com/fishing-facility/west-japan/mie/fishing-park-triton/,1,7,14.29%,31.14
https://kaijo-fishing.com/blog/aji-saba-kamasu-strategy/,1,6,16.67%,6.17
https://kaijo-fishing.com/tactics/gear/rod-selection,1,6,16.67%,7.83
https://kaijo-fishing.com/column/travel/may-toshijima-toba-trip/,1,6,16.67%,9.17
https://kaijo-fishing.com/blog/tactics/fish-strategy/ishidai/,1,6,16.67%,11.17
https://kaijo-fishing.com/blog/tactics/gear/safety-gear-guide/,1,6,16.67%,12.33
https://kaijo-fishing.com/blog/hiramasa/advanced,1,6,16.67%,13.33
https://kaijo-fishing.com/blog/column/trivia/july-night-fishing-bluefish-guide/,1,6,16.67%,14.5
https://kaijo-fishing.com/fishing-facility/tsuribori-shotokumaru,1,6,16.67%,24.33
https://kaijo-fishing.com/column/trivia/august-summer-bluefish-time-strategy/,1,5,20%,3.6
https://kaijo-fishing.com/2026/01/fishingtech/wintert-madai-technique/,1,5,20%,4
https://kaijo-fishing.com/fishing-facility/sanriku-sea-fishing-park,1,5,20%,4.4
https://kaijo-fishing.com/blog/fishing-facility/east-japan,1,5,20%,8
https://kaijo-fishing.com/2025/12/コラム/temp-winter-gfishmove/,1,5,20%,9
https://kaijo-fishing.com/blog/tactics/fish-strategy/hiramasa/,1,5,20%,9.2
https://kaijo-fishing.com/fishing-facility/hasamaura-fishing-center,1,5,20%,9.8
https://kaijo-fishing.com/column/trivia/line-material-science/,1,5,20%,11
https://kaijo-fishing.com/blog/saltlake-hiketa-adoike,1,5,20%,12.6
https://kaijo-fishing.com/fishing-facility/west-japan/miyazaki/,1,5,20%,16.4
https://kaijo-fishing.com/fishing-facility/east-japan/iwate/,1,5,20%,19
https://kaijo-fishing.com/fishing-facility/west-japan/mie/matsunase-fishing-park,1,5,20%,22.6
https://kaijo-fishing.com/blog/kanpachi/theory/,1,4,25%,2.25
https://kaijo-fishing.com/column/trivia/history-of-fishing-pond,1,4,25%,5.25
https://kaijo-fishing.com/blog/fishing-facility/west-japan,1,4,25%,6.25
https://kaijo-fishing.com/blog/why-fish-delicious/,1,4,25%,6.25
https://kaijo-fishing.com/blog/tana-basics,1,4,25%,6.5
https://kaijo-fishing.com/column/trivia/wild-vs-farmed-taste/,1,4,25%,6.75
https://kaijo-fishing.com/blog/nagasaki-goto-trip/,1,4,25%,7.5
https://kaijo-fishing.com/2026/01/fishingtech/winter-madai-strategy/,1,4,25%,8.25
https://kaijo-fishing.com/2026/02/fishingtech/winter-bluefish-deadbait-dragging/,1,4,25%,8.5
https://kaijo-fishing.com/fishing-facility/osaka-sea-fishing-southern,1,4,25%,9.25
https://kaijo-fishing.com/tactics/fish-strategy/madai/gourmet,1,4,25%,12.5
https://kaijo-fishing.com/tactics/fish-strategy/kue/advanced,1,4,25%,12.75
https://kaijo-fishing.com/fishing-facility/west-japan/wakayama/saikakizaki-seapark,1,4,25%,15.5
https://kaijo-fishing.com/blog/tactics/fish-strategy/kawahagi/advanced/,1,4,25%,19
https://kaijo-fishing.com/tactics/gear/beginner-tackle-set,1,3,33.33%,5.67
https://kaijo-fishing.com/blog/kue/intermediate/,1,3,33.33%,6
https://kaijo-fishing.com/column/travel/july-naruto-whirlpool-trip/,1,3,33.33%,6
https://kaijo-fishing.com/blog/tactics/fish-strategy/mejina/,1,3,33.33%,6.33
https://kaijo-fishing.com/tactics/fish-strategy/mejina/intermediate,1,3,33.33%,6.67
https://kaijo-fishing.com/blog/kue/advanced,1,3,33.33%,7.33
https://kaijo-fishing.com/blog/access-tokai,1,3,33.33%,7.67
https://kaijo-fishing.com/tactics/fish-strategy/buri/intermediate/,1,3,33.33%,9.33
https://kaijo-fishing.com/fishing-facility/asamushi-sea-fishing-park,1,3,33.33%,10
https://kaijo-fishing.com/blog/column/trivia/july-morning-speed-strategy-guide/,1,2,50%,4
https://kaijo-fishing.com/blog/wild-vs-farmed-taste/,1,2,50%,4
https://kaijo-fishing.com/blog/hiramasa/theory,1,2,50%,9
https://kaijo-fishing.com/blog/kue-strategy/,1,2,50%,9
https://kaijo-fishing.com/blog/fugu/advanced/,1,2,50%,10.5
https://kaijo-fishing.com/blog/tactics/gear/myakuzuri-gear,1,2,50%,28.5
https://kaijo-fishing.com/blog/hamabe-tosen-kaijo-tsuribori/,1,2,50%,35
https://kaijo-fishing.com/blog/tactics/fish-strategy/kue/theory/,1,1,100%,2
https://kaijo-fishing.com/column/travel/kanagawa-miura-trip/,1,1,100%,2
https://kaijo-fishing.com/2025/12/コラム/winter-ukisikake-choicehow/,1,1,100%,4
https://kaijo-fishing.com/2025/07/westjapan/kyusyu/kamoiketuripark-kyusyu/,0,154,0%,11.88
https://kaijo-fishing.com/2025/07/westjapan/kansai/tottopark-osaka/#index_id0,0,141,0%,7.43
https://kaijo-fishing.com/fishing-facility/west-japan/osaka/,0,140,0%,39.91
https://kaijo-fishing.com/2025/07/westjapan/kansai/tottopark-osaka/#index_id7,0,138,0%,7.38
https://kaijo-fishing.com/2025/07/westjapan/kansai/matomekiji-kansai/#index_id0,0,131,0%,5.89
https://kaijo-fishing.com/2025/07/westjapan/kansai/matomekiji-kansai/#index_id9,0,129,0%,5.85
https://kaijo-fishing.com/2025/07/westjapan/kansai/tottopark-osaka/#index_id3,0,128,0%,7.54
https://kaijo-fishing.com/2025/07/westjapan/kansai/tottopark-osaka/#index_id11,0,125,0%,7.48
https://kaijo-fishing.com/2025/07/westjapan/kansai/matomekiji-kansai/#index_id5,0,123,0%,5.86
https://kaijo-fishing.com/2025/07/westjapan/kansai/matomekiji-kansai/#index_id4,0,123,0%,5.9
https://kaijo-fishing.com/2025/07/westjapan/kansai/matomekiji-kansai/#index_id13,0,122,0%,5.86
https://kaijo-fishing.com/2025/07/westjapan/kansai/matomekiji-kansai/#index_id17,0,122,0%,5.86
https://kaijo-fishing.com/2025/07/westjapan/kansai/matomekiji-kansai/#index_id24,0,122,0%,5.86
https://kaijo-fishing.com/2025/07/westjapan/kyusyu/umiduripark-kyusyu/,0,103,0%,19.65
https://kaijo-fishing.com/blog/saltlake-hiketa-adoike/,0,97,0%,35.81
https://kaijo-fishing.com/2025/07/westjapan/kyusyu/amakusakaijyoturi-kyusyu/,0,73,0%,11.14
https://kaijo-fishing.com/2025/07/westjapan/kyusyu/kyusyu-matome/#index_id0,0,70,0%,4.96
https://kaijo-fishing.com/2025/07/westjapan/kyusyu/kyusyu-matome/#index_id7,0,68,0%,4.87
https://kaijo-fishing.com/2025/07/westjapan/kyusyu/kyusyu-matome/#index_id3,0,68,0%,4.93
https://kaijo-fishing.com/2025/07/westjapan/kyusyu/kyusyu-matome/#index_id11,0,66,0%,4.83
https://kaijo-fishing.com/2025/07/westjapan/kyusyu/kyusyu-matome/#index_id15,0,66,0%,4.83
https://kaijo-fishing.com/2025/07/westjapan/kyusyu/kyusyu-matome/#index_id22,0,66,0%,4.83
https://kaijo-fishing.com/2025/07/westjapan/kyusyu/kyusyu-matome/#index_id4,0,66,0%,4.83
https://kaijo-fishing.com/2025/07/westjapan/kansai/miyaduturi-kyoto/,0,65,0%,20.38
https://kaijo-fishing.com/2025/07/westjapan/kyusyu/wakitaturisanbashi-kyusyu/#index_id0,0,64,0%,7.53
https://kaijo-fishing.com/2025/07/westjapan/kyusyu/wakitaturisanbashi-kyusyu/#index_id7,0,64,0%,7.53
https://kaijo-fishing.com/2025/07/westjapan/kansai/maidurupark-kyoto/#index_id0,0,64,0%,8.88
https://kaijo-fishing.com/2025/07/westjapan/kansai/maidurupark-kyoto/#index_id3,0,64,0%,8.88
https://kaijo-fishing.com/2025/07/westjapan/kansai/maidurupark-kyoto/#index_id11,0,62,0%,8.89
https://kaijo-fishing.com/2025/07/westjapan/kansai/maidurupark-kyoto/#index_id7,0,62,0%,8.89
https://kaijo-fishing.com/blog/kaijo-tsuribori-maruya/,0,62,0%,13.66
https://kaijo-fishing.com/2025/07/westjapan/kyusyu/wakitaturisanbashi-kyusyu/#index_id11,0,58,0%,7.6
https://kaijo-fishing.com/2025/07/westjapan/kyusyu/wakitaturisanbashi-kyusyu/#index_id3,0,58,0%,7.6
https://kaijo-fishing.com/blog/naize-fishing-center/,0,54,0%,9.87
https://kaijo-fishing.com/blog/notojima-sea-fishing-center/,0,51,0%,9.86
https://kaijo-fishing.com/2025/07/eastjapan/tohoku/asamushi-tsuri/,0,47,0%,13.23
https://kaijo-fishing.com/blog/amakusa-leisure-land/,0,46,0%,21.39
https://kaijo-fishing.com/2025/07/westjapan/kyusyu/kariyawancenter-kyusyu/,0,45,0%,22.93
https://kaijo-fishing.com/blog/tactics/fish-strategy/chinu/gourmet/,0,44,0%,9.64
https://kaijo-fishing.com/blog/amakusa-leisure-land,0,44,0%,21.89
https://kaijo-fishing.com/blog/searoad-yawatahama/,0,43,0%,8.6
https://kaijo-fishing.com/2025/10/コラム/海上釣り堀の料金比較【関東・関西・九州】コス/#index_id4,0,42,0%,6.12
https://kaijo-fishing.com/2025/07/westjapan/shikoku/kaijyo-sachimaru/,0,42,0%,19.6
https://kaijo-fishing.com/blog/shinojima-tsuri-tengoku,0,42,0%,25.14
https://kaijo-fishing.com/2025/10/コラム/海上釣り堀の料金比較【関東・関西・九州】コス/#index_id5,0,41,0%,6
https://kaijo-fishing.com/fishing-facility/east-japan/chiba/original-maker-sea-fishing-park,0,41,0%,14.61
https://kaijo-fishing.com/2025/07/westjapan/shikoku/searoad-yawatahama/,0,40,0%,8.8
https://kaijo-fishing.com/2025/07/westjapan/kansai/yuasa-wakayama/,0,39,0%,8.28
https://kaijo-fishing.com/blog/tactics/gear/harris-importance,0,39,0%,17.79
https://kaijo-fishing.com/2025/07/westjapan/kansai/yurapark-wakayama/,0,39,0%,39.21
https://kaijo-fishing.com/2025/09/howto/fishingwear-osusume-kaijyo/#index_id4,0,38,0%,7.29
https://kaijo-fishing.com/2025/09/howto/fishingwear-osusume-kaijyo/#index_id9,0,38,0%,7.29
https://kaijo-fishing.com/blog/rainy-day-fishing-truth/,0,38,0%,27.13
https://kaijo-fishing.com/2025/07/westjapan/kyusyu/amakusarejya-kyusyu/,0,38,0%,36.42
https://kaijo-fishing.com/fishing-facility/center-japan/fukui/fishing-land-hyuga/,0,38,0%,38.32
https://kaijo-fishing.com/2025/10/コラム/海上釣り堀の料金比較【関東・関西・九州】コス/#index_id1,0,37,0%,6.16
https://kaijo-fishing.com/2025/07/chubu/chubu-tokai/turiborimaruyo-mie/,0,37,0%,14.62
https://kaijo-fishing.com/2025/10/コラム/海上釣り堀の料金比較【関東・関西・九州】コス/#index_id0,0,36,0%,6.03
https://kaijo-fishing.com/2025/10/コラム/海上釣り堀の料金比較【関東・関西・九州】コス/#index_id9,0,36,0%,6.03
https://kaijo-fishing.com/2025/07/westjapan/kyusyu/uminguoosima-kyusyu/,0,36,0%,7.61
https://kaijo-fishing.com/2025/07/chubu/chubu-tokai/turiborimonkey-mie/,0,36,0%,10.64
https://kaijo-fishing.com/2025/07/westjapan/kyusyu/sakurajimakankjou-kyusyu/,0,36,0%,13.47
https://kaijo-fishing.com/fishing-facility/west-japan/hiroshima/kaijo-tsuribori-kaiyu/,0,36,0%,25.75
https://kaijo-fishing.com/fishing-facility/center-japan/fukui/wakasa-takahama-sea-fishing-park/,0,36,0%,29.53
https://kaijo-fishing.com/2025/07/chubu/chubu-tokai/ousatsuturi-mie/#index_id0,0,35,0%,5.83
https://kaijo-fishing.com/fishing-facility/kaijo-tsuribori-yukimaru/,0,35,0%,10.03
https://kaijo-fishing.com/blog/shimonoseki-fishing-park/,0,35,0%,14.29
https://kaijo-fishing.com/2025/09/howto/fishingwear-osusume-kaijyo/#index_id0,0,34,0%,7.35
https://kaijo-fishing.com/2025/09/howto/fishingwear-osusume-kaijyo/#index_id17,0,34,0%,7.35
https://kaijo-fishing.com/2025/09/howto/fishingwear-osusume-kaijyo/#index_id21,0,34,0%,7.35
https://kaijo-fishing.com/blog/asamushi-sea-fishing-park,0,34,0%,8.65
https://kaijo-fishing.com/fishing-facility/kaijo-tsuribori-benya,0,34,0%,17.18
https://kaijo-fishing.com/blog/kobe-hiraiso-sea-fishing-park/,0,34,0%,18.21
https://kaijo-fishing.com/2025/07/chubu/chubu-tokai/ousatsuturi-mie/#index_id3,0,32,0%,5.75
https://kaijo-fishing.com/column/trivia/night-fishing-biology/,0,32,0%,9.19
https://kaijo-fishing.com/2025/09/westjapan/chugoku/hirosima-kaijyo-matome-sitasyori/,0,32,0%,38.25
https://kaijo-fishing.com/2025/07/chubu/chubu-tokai/ousatsuturi-mie/#index_id7,0,31,0%,5.9
https://kaijo-fishing.com/blog/tsuribori-hamakatsu/,0,31,0%,8.97
https://kaijo-fishing.com/2025/07/westjapan/kyusyu/kamoiketuripark-kyusyu/#index_id0,0,31,0%,9.71
https://kaijo-fishing.com/2025/07/westjapan/kyusyu/kamoiketuripark-kyusyu/#index_id11,0,31,0%,9.71
https://kaijo-fishing.com/2025/07/westjapan/kyusyu/kamoiketuripark-kyusyu/#index_id3,0,31,0%,9.71
https://kaijo-fishing.com/2025/07/westjapan/kyusyu/kamoiketuripark-kyusyu/#index_id7,0,31,0%,9.71
https://kaijo-fishing.com/2025/07/westjapan/chugoku/shimonoseki-park/,0,31,0%,10.42
https://kaijo-fishing.com/tactics/fish-strategy/isaki/,0,29,0%,9.28
https://kaijo-fishing.com/blog/niigata-east-port-2nd-east-breakwater/,0,29,0%,9.59
https://kaijo-fishing.com/blog/ishida-fisherina,0,29,0%,10.79
https://kaijo-fishing.com/blog/kaijo-tsuribori-at-sea,0,29,0%,13.83
https://kaijo-fishing.com/fishing-facility/center-japan/toyama/ishida-fisherina/,0,29,0%,14.31
https://kaijo-fishing.com/fishing-facility/west-japan/osaka/kaijo-tsuribori-misaki/,0,29,0%,42.79
https://kaijo-fishing.com/2025/07/chubu/chubu-tokai/ousatsuturi-mie/#index_id12,0,28,0%,5.82
https://kaijo-fishing.com/2025/09/howto/season-fishselect/#index_id7,0,28,0%,5.89
https://kaijo-fishing.com/tactics/fish-strategy/ishidai/theory/,0,28,0%,7.14
https://kaijo-fishing.com/blog/kaijo-tsuribori-yukimaru,0,28,0%,9.79
https://kaijo-fishing.com/2025/07/eastjapan/kanto/origi-umiduri/,0,28,0%,9.86
https://kaijo-fishing.com/fishing-facility/west-japan/hyogo/sea-fishing-pond-kaikei,0,28,0%,22.07
https://kaijo-fishing.com/fishing-facility/west-japan/nagasaki/jumbo-fishing-mura/,0,28,0%,28.86
https://kaijo-fishing.com/2025/07/westjapan/kansai/oska-oopa/,0,28,0%,31.39
https://kaijo-fishing.com/2025/07/chubu/chubu-tokai/shinojimaturi-aichi/,0,28,0%,31.5
https://kaijo-fishing.com/fishing-facility/west-japan/hyogo/suma-sea-fishing-park/,0,28,0%,39.46
https://kaijo-fishing.com/2025/09/howto/season-fishselect/#index_id0,0,27,0%,5.93
https://kaijo-fishing.com/2025/09/howto/season-fishselect/#index_id2,0,27,0%,5.93
https://kaijo-fishing.com/tactics/fish-strategy/ishidai/theory,0,27,0%,7.37
https://kaijo-fishing.com/column/trivia/july-sea-temperature-lag-guide/,0,27,0%,7.78
https://kaijo-fishing.com/blog/miura-kaiou/,0,27,0%,10.59
https://kaijo-fishing.com/column/trivia/wild-vs-farmed-taste,0,27,0%,10.59
https://kaijo-fishing.com/2025/09/westjapan/kansai/hyogo-kaijyo-matome-sitasyori/,0,27,0%,13.22
https://kaijo-fishing.com/blog/access-kanto,0,27,0%,17.52
https://kaijo-fishing.com/fishing-facility/west-japan/hiroshima/kaijo-tsuribori-kaiyu,0,27,0%,19.81
https://kaijo-fishing.com/fishing-facility/kashikojima-fishing-park-kaiyuen/,0,27,0%,24.56
https://kaijo-fishing.com/blog/access-kinki,0,27,0%,30
https://kaijo-fishing.com/2025/09/howto/season-fishselect/#index_id10,0,26,0%,5.96
https://kaijo-fishing.com/2025/11/コラム/japan11-seapond-techinformation/,0,26,0%,8.23
https://kaijo-fishing.com/blog/oarai-sea-fishing-center/,0,26,0%,9.15
https://kaijo-fishing.com/blog/kawahagi/theory/,0,26,0%,10.31
https://kaijo-fishing.com/2025/07/westjapan/kansai/turibori-kaiei/#index_id0,0,26,0%,10.38
https://kaijo-fishing.com/2025/07/westjapan/kansai/turibori-kaiei/#index_id10,0,26,0%,10.38
https://kaijo-fishing.com/2025/07/westjapan/kansai/turibori-kaiei/#index_id3,0,26,0%,10.38
https://kaijo-fishing.com/2025/07/westjapan/kansai/turibori-kaiei/#index_id6,0,26,0%,10.38
https://kaijo-fishing.com/blog/marusui-kaisan/,0,26,0%,10.92
https://kaijo-fishing.com/privacy/,0,26,0%,14.23
https://kaijo-fishing.com/2025/07/chubu/chubu-hokuriku/akaguri-fukui/,0,26,0%,22.15
https://kaijo-fishing.com/fishing-facility/west-japan/kyoto,0,26,0%,59.5
https://kaijo-fishing.com/2025/07/westjapan/kyusyu/nitikaikyoturi-kyusyu/,0,25,0%,9.32
https://kaijo-fishing.com/fishing-facility/hiake-kaikyo-fishing-park/,0,25,0%,9.44
https://kaijo-fishing.com/fishing-facility/west-japan/nagasaki/takashima-tobishima-isotsuri-park/,0,25,0%,20.24
https://kaijo-fishing.com/2025/09/chubu/chubu-tokai/aichisizu-syasyori/,0,25,0%,26.36
https://kaijo-fishing.com/blog/hiake-kaikyo-fishing-park/,0,24,0%,9.12
https://kaijo-fishing.com/blog/sea-fishing-pond-kaikei/,0,24,0%,20.79
https://kaijo-fishing.com/tactics/fish-strategy/mejina/gourmet,0,24,0%,29.25
https://kaijo-fishing.com/blog/intelligence/2026-06-w01/,0,23,0%,8.09
https://kaijo-fishing.com/blog/suihou-fishing-pond,0,23,0%,10.7
https://kaijo-fishing.com/2025/07/westjapan/kansai/kojima-yougyo/,0,23,0%,14.52
https://kaijo-fishing.com/2025/12/コラム/winter-tsuribori-japan10/,0,23,0%,17.48
https://kaijo-fishing.com/2025/07/westjapan/chugoku/tairyoumaru-hiroshima/,0,23,0%,26.35
https://kaijo-fishing.com/blog/miyazu-city-marine-fishing-park,0,23,0%,28.83
https://kaijo-fishing.com/tactics/beginner/,0,23,0%,35.35
https://kaijo-fishing.com/blog/anatani-aitai-fishing,0,22,0%,8.45
https://kaijo-fishing.com/2025/07/chubu/chubu-hokuriku/hiruga-kaijoturi/#index_id0,0,22,0%,9.5
https://kaijo-fishing.com/2025/07/chubu/chubu-hokuriku/hiruga-kaijoturi/#index_id3,0,22,0%,9.5
https://kaijo-fishing.com/2025/07/chubu/chubu-hokuriku/hiruga-kaijoturi/#index_id4,0,22,0%,9.5
https://kaijo-fishing.com/column/trivia/true-dai-cooking/,0,22,0%,10.91
https://kaijo-fishing.com/blog/shodoshima-furusatomura-fishing-pier,0,21,0%,7.52
https://kaijo-fishing.com/blog/access-kinki/,0,21,0%,7.71
https://kaijo-fishing.com/2025/07/chubu/chubu-hokuriku/hiruga-kaijoturi/#index_id5,0,21,0%,9.52
https://kaijo-fishing.com/2025/07/chubu/chubu-hokuriku/hiruga-kaijoturi/#index_id6,0,21,0%,9.52
https://kaijo-fishing.com/2025/07/chubu/chubu-hokuriku/hiruga-kaijoturi/#index_id7,0,21,0%,9.52
https://kaijo-fishing.com/2025/07/chubu/chubu-hokuriku/hiruga-kaijoturi/#index_id8,0,21,0%,9.52
https://kaijo-fishing.com/2025/12/howto/winter-tsuribori-esaactics/,0,21,0%,9.67
https://kaijo-fishing.com/blog/kaijo-tsuribori-tairyomaru/,0,21,0%,15.81
https://kaijo-fishing.com/fishing-facility/fukuoka-city-sea-fishing-park/,0,21,0%,17.38
https://kaijo-fishing.com/blog/access-tokai/,0,21,0%,19.33
https://kaijo-fishing.com/fishing-facility/west-japan/mie/tsuribori-denpachiya,0,21,0%,23.43
https://kaijo-fishing.com/blog/tactics/gear/rod-selection/,0,21,0%,32.14
https://kaijo-fishing.com/blog/sea-fishing-pond-kaikei,0,21,0%,34
https://kaijo-fishing.com/fishing-facility/west-japan/hyogo/kobe-hiraiso-sea-fishing-park,0,21,0%,42.9
https://kaijo-fishing.com/column/trivia/july-ice-management-guide/,0,20,0%,8.1
https://kaijo-fishing.com/fishing-facility/waita-sea-fishing-pier,0,20,0%,8.8
https://kaijo-fishing.com/2025/07/westjapan/kyusyu/umiduriland-kyusyu/#index_id0,0,20,0%,9.65
https://kaijo-fishing.com/2025/07/westjapan/kyusyu/umiduriland-kyusyu/#index_id3,0,20,0%,9.65
https://kaijo-fishing.com/blog/hamanako-access-guide/,0,20,0%,10.1
https://kaijo-fishing.com/blog/isaki,0,20,0%,10.1
https://kaijo-fishing.com/tactics/fish-strategy/buri/,0,20,0%,10.4
https://kaijo-fishing.com/blog/cost-calculation-guide/,0,20,0%,10.5
https://kaijo-fishing.com/tactics/fish-strategy/kanpachi/theory/,0,20,0%,10.6
https://kaijo-fishing.com/fishing-facility/west-japan/osaka/kaijo-tsuribori-opa/,0,20,0%,11.4
https://kaijo-fishing.com/fishing-facility/shimonoseki-fishing-park/,0,20,0%,12.1
https://kaijo-fishing.com/fishing-facility/west-japan/kyoto/maizuru-shinkai-park,0,20,0%,12.3
https://kaijo-fishing.com/blog/fishing-facility/west-japan/,0,20,0%,20
https://kaijo-fishing.com/fishing-facility/west-japan/kochi/kochi/kaijo-tsuribori-yukimaru,0,20,0%,20.15
https://kaijo-fishing.com/fishing-facility/suma-sea-fishing-park,0,20,0%,21.1
https://kaijo-fishing.com/blog/yura-sea-fishing-park,0,20,0%,38.65
https://kaijo-fishing.com/fishing-facility/west-japan/fukuoka/umingu-oshima,0,20,0%,64.1
https://kaijo-fishing.com/2025/07/westjapan/kansai/yuasa-wakayama/#index_id3,0,19,0%,7
https://kaijo-fishing.com/2025/09/westjapan/kansai/akasi-atsea/#index_id0,0,19,0%,7.95
https://kaijo-fishing.com/2025/09/westjapan/kansai/akasi-atsea/#index_id1,0,19,0%,7.95
https://kaijo-fishing.com/2025/09/westjapan/kansai/akasi-atsea/#index_id10,0,19,0%,7.95
https://kaijo-fishing.com/2025/09/westjapan/kansai/akasi-atsea/#index_id13,0,19,0%,7.95
https://kaijo-fishing.com/2025/09/westjapan/kansai/akasi-atsea/#index_id17,0,19,0%,7.95
https://kaijo-fishing.com/2025/09/westjapan/kansai/akasi-atsea/#index_id6,0,19,0%,7.95
https://kaijo-fishing.com/tactics/fish-strategy/isaki/intermediate,0,19,0%,8.26
https://kaijo-fishing.com/fishing-facility/anatani-aitai-fishing,0,19,0%,8.32
https://kaijo-fishing.com/2025/07/westjapan/kyusyu/umiduriland-kyusyu/#index_id12,0,19,0%,9.68
https://kaijo-fishing.com/2025/07/westjapan/kyusyu/umiduriland-kyusyu/#index_id8,0,19,0%,9.68
https://kaijo-fishing.com/tactics/fish-strategy/suzuki/gourmet,0,19,0%,13.53
https://kaijo-fishing.com/blog/mukai-pearl-marine,0,19,0%,18.26
https://kaijo-fishing.com/fishing-facility/west-japan/yamaguchi/,0,19,0%,21.21
https://kaijo-fishing.com/column/trivia/march-sakuradai-targeting-guide,0,19,0%,21.37
https://kaijo-fishing.com/2025/10/howto/beginner-guide-2025/,0,19,0%,21.68
https://kaijo-fishing.com/blog/shimonoseki-fishing-park,0,19,0%,28.68
https://kaijo-fishing.com/fishing-facility/center-japan/niigata/,0,19,0%,38.58
https://kaijo-fishing.com/2025/07/westjapan/kansai/yuasa-wakayama/#index_id0,0,18,0%,7
https://kaijo-fishing.com/fishing-facility/sea-fishing-pond-kaikei/,0,18,0%,7.94
https://kaijo-fishing.com/fishing-facility/west-japan/mie/anatani-aitai-fishing,0,18,0%,8.83
https://kaijo-fishing.com/blog/fishing-park-hikari/,0,18,0%,8.89
https://kaijo-fishing.com/fishing-facility/naize-fishing-center/,0,18,0%,8.94
https://kaijo-fishing.com/blog/tana-basics/,0,18,0%,10.11
https://kaijo-fishing.com/2026/01/fishingtech/kue-fishing-guide/,0,18,0%,10.5
https://kaijo-fishing.com/column/travel/oita-saganoseki-trip/,0,18,0%,14.5
https://kaijo-fishing.com/blog/access-kanto/,0,18,0%,16.17
https://kaijo-fishing.com/fishing-facility/west-japan/hiroshima/,0,18,0%,22.67
https://kaijo-fishing.com/fishing-facility/east-japan,0,18,0%,23.61
https://kaijo-fishing.com/2025/07/westjapan/kansai/kakata-turibori/,0,18,0%,27.83
https://kaijo-fishing.com/fishing-facility/wakayama-marinacity-fishing-park,0,18,0%,48.83
https://kaijo-fishing.com/blog/tactics/beginner/tide-basics,0,18,0%,52.22
https://kaijo-fishing.com/blog/hamanako-access-guide,0,17,0%,7.47
https://kaijo-fishing.com/2025/09/westjapan/kansai/akasi-atsea/#index_id27,0,17,0%,7.65
https://kaijo-fishing.com/tactics/fish-strategy/fugu/theory,0,17,0%,8.88
https://kaijo-fishing.com/blog/rental-tackle-honest-review/,0,17,0%,8.94
https://kaijo-fishing.com/column/trivia/rainy-day-fishing-truth/,0,17,0%,9.06
https://kaijo-fishing.com/blog/kakata-fishing-pond/,0,17,0%,9.41
https://kaijo-fishing.com/fishing-facility/hiake-kaikyo-fishing-park,0,17,0%,10.12
https://kaijo-fishing.com/fishing-facility/shimanami-kaido-fishing-park,0,17,0%,10.29
https://kaijo-fishing.com/fishing-facility/kaijo-tsuribori-at-sea/,0,17,0%,10.53
https://kaijo-fishing.com/tactics/fish-strategy/chinu/gourmet,0,17,0%,11.35
https://kaijo-fishing.com/tactics/fish-strategy/hiramasa/theory/,0,17,0%,11.65
https://kaijo-fishing.com/blog/notojima-sea-fishing-center,0,17,0%,12.12
https://kaijo-fishing.com/fishing-facility/west-japan/kumamoto/yunoko-fishing-park,0,17,0%,19.65
https://kaijo-fishing.com/column/trivia/may-spawning-tai-taste-guide/,0,17,0%,19.82
https://kaijo-fishing.com/blog/shinkei-jime-benefits,0,17,0%,22.06
https://kaijo-fishing.com/2025/07/westjapan/kansai/yuasa-wakayama/#index_id8,0,16,0%,7.12
https://kaijo-fishing.com/2025/07/westjapan/shikoku/furusato-sanbashi/#index_id0,0,16,0%,9.69
https://kaijo-fishing.com/2025/07/westjapan/shikoku/furusato-sanbashi/#index_id4,0,16,0%,9.69
https://kaijo-fishing.com/blog/wakasa-takahama-sea-fishing-park,0,16,0%,10.81
https://kaijo-fishing.com/tactics/gear/tackle-maintenance-care,0,16,0%,12.5
https://kaijo-fishing.com/fishing-facility/east-japan/hokkaido/,0,16,0%,16.25
https://kaijo-fishing.com/blog/hamanako-unagi-trip/,0,16,0%,19
https://kaijo-fishing.com/blog/awaji-janohire-fishing-park/,0,16,0%,20.94
https://kaijo-fishing.com/fishing-facility/west-japan/wakayama/kaijo-tsuribori-yuasa/,0,16,0%,22.06
https://kaijo-fishing.com/2025/07/chubu/chubu-tokai/syoutokumaru-mie/,0,16,0%,23.25
https://kaijo-fishing.com/privacy,0,16,0%,27.94
https://kaijo-fishing.com/2025/07/westjapan/kansai/yuasa-wakayama/#index_id12,0,15,0%,7.13
https://kaijo-fishing.com/2025/07/westjapan/shikoku/furusato-sanbashi/#index_id1,0,15,0%,9.67
https://kaijo-fishing.com/tactics/fish-strategy/fugu/,0,15,0%,9.67
https://kaijo-fishing.com/2025/07/westjapan/shikoku/furusato-sanbashi/#index_id11,0,15,0%,9.8
https://kaijo-fishing.com/blog/kaijo-tsuribori-fukujumaru,0,15,0%,10.33
https://kaijo-fishing.com/fishing-facility/shimonoseki-fishing-park,0,15,0%,12.73
https://kaijo-fishing.com/tactics/fish-strategy/chinu/intermediate,0,15,0%,19.33
https://kaijo-fishing.com/blog/myaku-fishing-vs-uki,0,15,0%,24.13
https://kaijo-fishing.com/fishing-facility/center-japan/fukui/fishing-rainbow,0,15,0%,34.93
https://kaijo-fishing.com/blog/column/ranking/mie-wakayama/,0,15,0%,51.8
https://kaijo-fishing.com/blog/fishing-rainbow,0,15,0%,52.2
https://kaijo-fishing.com/about/,0,14,0%,3.93
https://kaijo-fishing.com/column/trivia/rental-tackle-honest-review,0,14,0%,5.29
https://kaijo-fishing.com/2025/07/westjapan/kyusyu/gotoukaijyoturi-kyusyu/,0,14,0%,6.86
https://kaijo-fishing.com/fishing-facility/marusui-kaisan/,0,14,0%,7.64
https://kaijo-fishing.com/fishing-facility/west-japan/nagasaki/shinkamigoto-sea-fishing-pond,0,14,0%,8.5
https://kaijo-fishing.com/blog/tsuri-ikada-fukaura,0,14,0%,8.86
https://kaijo-fishing.com/2025/07/westjapan/shikoku/furusato-sanbashi/#index_id3,0,14,0%,9.79
https://kaijo-fishing.com/fishing-facility/anatani-aitai-fishing/,0,14,0%,10.93
https://kaijo-fishing.com/blog/ishida-fisherina/,0,14,0%,11
https://kaijo-fishing.com/blog/shinmaiko-marine-park-fishing,0,14,0%,11.5
https://kaijo-fishing.com/fishing-facility/center-japan/shizuoka/fishing-park-toi,0,14,0%,12.71
https://kaijo-fishing.com/fishing-facility/susawan-fishing-park,0,14,0%,13.36
https://kaijo-fishing.com/fishing-facility/suma-sea-fishing-park/,0,14,0%,15.07
https://kaijo-fishing.com/blog/fishing-rainbow/,0,14,0%,23.07
https://kaijo-fishing.com/fishing-facility/west-japan/tokushima/hamabe-tosen-kaijo-tsuribori/,0,14,0%,26.86
https://kaijo-fishing.com/blog/kamae-sea-fishing-tsunchaoh/,0,13,0%,8.23
https://kaijo-fishing.com/blog/fishing-facility/center-japan/,0,13,0%,8.62
https://kaijo-fishing.com/2025/12/コラム/fishing-youtube-kamikaiselect/,0,13,0%,8.92
https://kaijo-fishing.com/tactics/fish-strategy/hiramasa/advanced,0,13,0%,8.92
https://kaijo-fishing.com/tactics/fish-strategy/shimaji/theory/,0,13,0%,9.31
https://kaijo-fishing.com/2025/07/westjapan/shikoku/furusato-sanbashi/#index_id12,0,13,0%,10.23
https://kaijo-fishing.com/fishing-facility/matsunase-fishing-park,0,13,0%,10.85
https://kaijo-fishing.com/blog/tactics/fish-strategy/chinu/intermediate/,0,13,0%,11.69
https://kaijo-fishing.com/column/ranking/tohoku-hokkaido/,0,13,0%,11.92
https://kaijo-fishing.com/column/trivia/morning-magic-science/,0,13,0%,12.92
https://kaijo-fishing.com/blog/tactics/beginner/essential-knots,0,13,0%,13.62
https://kaijo-fishing.com/blog/atami-port-sea-fishing-facility,0,13,0%,15
https://kaijo-fishing.com/fishing-facility/kakata-fishing-pond/,0,13,0%,25.85
https://kaijo-fishing.com/fishing-facility/yura-sea-fishing-park,0,13,0%,26.62
https://kaijo-fishing.com/blog/fukuoka-city-sea-fishing-park,0,13,0%,30.23
https://kaijo-fishing.com/2025/09/fishingtech/shimaaji-bouzukaihi/,0,12,0%,4.33
https://kaijo-fishing.com/blog/column/trivia/oxygen-depletion-summer/,0,12,0%,5.25
https://kaijo-fishing.com/blog/ousatsu-sea-fishing-center,0,12,0%,6.08
https://kaijo-fishing.com/fishing-facility/atami-port-sea-fishing-facility,0,12,0%,8.33
https://kaijo-fishing.com/2025/07/westjapan/chugoku/chugoku-matome/#index_id0,0,12,0%,8.42
https://kaijo-fishing.com/2025/07/westjapan/chugoku/chugoku-matome/#index_id4,0,12,0%,8.42
https://kaijo-fishing.com/fishing-facility/yuharai-pond,0,12,0%,9.17
https://kaijo-fishing.com/2025/07/westjapan/shikoku/furusato-sanbashi/#index_id2,0,12,0%,9.67
https://kaijo-fishing.com/fishing-facility/obama-city-fishing-coop-raft/,0,12,0%,9.67
https://kaijo-fishing.com/blog/marusui-kaisan,0,12,0%,9.75
https://kaijo-fishing.com/tactics/fish-strategy/kue/intermediate,0,12,0%,9.75
https://kaijo-fishing.com/blog/kaijo-tsuribori-wako/,0,12,0%,10
https://kaijo-fishing.com/blog/kaijo-tsuribori-fukujumaru/,0,12,0%,11.5
https://kaijo-fishing.com/2025/07/eastjapan/kanto/miura-kanagawa/,0,12,0%,12.08
https://kaijo-fishing.com/blog/tactics/gear/rod-selection,0,12,0%,12.58
https://kaijo-fishing.com/column/trivia/july-night-fishing-bluefish-guide/,0,12,0%,13.67
https://kaijo-fishing.com/blog/tsuribori-shotokumaru,0,12,0%,15.5
https://kaijo-fishing.com/blog/kaijo-tsuribori-maruya,0,12,0%,16.17
https://kaijo-fishing.com/fishing-facility/akaguri-sea-fishing-park/,0,12,0%,22.25
https://kaijo-fishing.com/fishing-facility/fishing-rainbow/,0,12,0%,22.58
https://kaijo-fishing.com/blog/obama-city-fishing-coop-raft,0,12,0%,27.17
https://kaijo-fishing.com/blog/suma-sea-fishing-park,0,12,0%,30.08
https://kaijo-fishing.com/fishing-facility/west-japan/hyogo/awaji-janohire-fishing-park,0,12,0%,33.33
https://kaijo-fishing.com/fishing-facility/west-japan/kumamoto/,0,12,0%,37.58
https://kaijo-fishing.com/column/trivia/fish-pressure-mechanism/,0,11,0%,2.91
https://kaijo-fishing.com/column/trivia/line-material-science,0,11,0%,3.64
https://kaijo-fishing.com/blog/kaijo-tsuribori-monkey,0,11,0%,5.27
https://kaijo-fishing.com/blog/history-of-fishing-pond,0,11,0%,6
https://kaijo-fishing.com/column/trivia/history-of-fishing-pond/,0,11,0%,6.18
https://kaijo-fishing.com/blog/chinu/theory/,0,11,0%,7.73
https://kaijo-fishing.com/2025/07/westjapan/chugoku/chugoku-matome/#index_id12,0,11,0%,8.36
https://kaijo-fishing.com/2025/07/westjapan/chugoku/chugoku-matome/#index_id16,0,11,0%,8.36
https://kaijo-fishing.com/2025/07/westjapan/chugoku/chugoku-matome/#index_id23,0,11,0%,8.36
https://kaijo-fishing.com/2025/07/westjapan/chugoku/chugoku-matome/#index_id8,0,11,0%,8.36
https://kaijo-fishing.com/blog/tsuribori-denpachiya,0,11,0%,8.55
https://kaijo-fishing.com/blog/shimaji/theory,0,11,0%,8.64
https://kaijo-fishing.com/blog/kaijo-tsuribori-monkey/,0,11,0%,9.36
https://kaijo-fishing.com/2025/07/chubu/chubu-hokuriku/seapark-niu/,0,11,0%,10.18
https://kaijo-fishing.com/2025/07/chubu/chubu-tokai/kaijyowakou-mie/#index_id3,0,11,0%,10.45
https://kaijo-fishing.com/blog/why-madai-red,0,11,0%,10.64
https://kaijo-fishing.com/column/trivia/fish-freezing-method/,0,11,0%,11.09
https://kaijo-fishing.com/blog/osaka-sea-fishing-southern/,0,11,0%,12.27
https://kaijo-fishing.com/blog/fishing-land-hyuga,0,11,0%,12.91
https://kaijo-fishing.com/blog/akaguri-sea-fishing-park/,0,11,0%,13.18
https://kaijo-fishing.com/tactics/fish-strategy/madai/advanced,0,11,0%,14
https://kaijo-fishing.com/blog/tactics/fish-strategy/madai/,0,11,0%,15.55
https://kaijo-fishing.com/category/eastjapan/tohoku/,0,11,0%,16.27
https://kaijo-fishing.com/2025/07/chubu/chubu-hokuriku/naoetu-bouhatei/,0,11,0%,17.45
https://kaijo-fishing.com/fishing-facility/west-japan/wakayama/tsuribori-kishu/,0,11,0%,23
https://kaijo-fishing.com/fishing-facility/east-japan/chiba/,0,11,0%,43.82
https://kaijo-fishing.com/blog/hiruga-sea-fishing-pond,0,11,0%,58.91
https://kaijo-fishing.com/fishing-facility/center-japan/shizuoka,0,11,0%,73.09
https://kaijo-fishing.com/column/travel/awaji-family-trip/,0,10,0%,3.4
https://kaijo-fishing.com/blog/shinkamigoto-sea-fishing-pond,0,10,0%,7.7
https://kaijo-fishing.com/blog/ishidai/strategy/,0,10,0%,7.8
https://kaijo-fishing.com/2025/09/howto/海上釣り堀でマグロに挑戦！初心者向け完全ガイ/#index_id0,0,10,0%,8.1
https://kaijo-fishing.com/2025/09/howto/海上釣り堀でマグロに挑戦！初心者向け完全ガイ/#index_id10,0,10,0%,8.1
https://kaijo-fishing.com/2025/09/howto/海上釣り堀でマグロに挑戦！初心者向け完全ガイ/#index_id13,0,10,0%,8.1
https://kaijo-fishing.com/2025/09/howto/海上釣り堀でマグロに挑戦！初心者向け完全ガイ/#index_id4,0,10,0%,8.1
https://kaijo-fishing.com/2025/09/howto/海上釣り堀でマグロに挑戦！初心者向け完全ガイ/#index_id7,0,10,0%,8.1
https://kaijo-fishing.com/tactics/fish-strategy/shimaji/intermediate,0,10,0%,8.1
https://kaijo-fishing.com/fishing-facility/mukai-pearl-marine,0,10,0%,8.6
https://kaijo-fishing.com/blog/line-material-science,0,10,0%,8.7
https://kaijo-fishing.com/blog/tactics/fish-strategy/fugu/advanced/,0,10,0%,8.8
https://kaijo-fishing.com/blog/kanpachi-strategy,0,10,0%,8.9
https://kaijo-fishing.com/2025/07/chubu/chubu-tokai/kaijyowakou-mie/#index_id0,0,10,0%,10.4
https://kaijo-fishing.com/tactics/fish-strategy/shimaji,0,10,0%,10.4
https://kaijo-fishing.com/fishing-facility/west-japan/kumamoto/amakusa-rakutsuri,0,10,0%,10.5
https://kaijo-fishing.com/blog/saikakizaki-seapark,0,10,0%,10.6
https://kaijo-fishing.com/tactics/fish-strategy/chinu/theory,0,10,0%,10.7
https://kaijo-fishing.com/2025/07/chubu/chubu-tokai/kaijyowakou-mie/#index_id8,0,10,0%,10.8
https://kaijo-fishing.com/blog/shinkei-jime-benefits/,0,10,0%,11.1
https://kaijo-fishing.com/blog/naoetsu-port-3rd-east-breakwater/,0,10,0%,11.4
https://kaijo-fishing.com/blog/isaki/gourmet,0,10,0%,11.9
https://kaijo-fishing.com/blog/original-maker-sea-fishing-park,0,10,0%,12
https://kaijo-fishing.com/blog/chiba-minamiboso-trip/,0,10,0%,19.4
https://kaijo-fishing.com/fishing-facility/west-japan/fukuoka/,0,10,0%,44.4
https://kaijo-fishing.com/fishing-facility/west-japan/wakayama/tsuribori-kishu,0,10,0%,50
https://kaijo-fishing.com/blog/akaguri-sea-fishing-park,0,10,0%,50.4
https://kaijo-fishing.com/column/trivia/why-fish-delicious/,0,9,0%,5.67
https://kaijo-fishing.com/2025/07/westjapan/shikoku/naoshima-turikouen/#index_id0,0,9,0%,5.78
https://kaijo-fishing.com/2025/07/westjapan/shikoku/naoshima-turikouen/#index_id1,0,9,0%,5.78
https://kaijo-fishing.com/2025/07/westjapan/shikoku/naoshima-turikouen/#index_id10,0,9,0%,5.78
https://kaijo-fishing.com/2025/07/westjapan/shikoku/naoshima-turikouen/#index_id2,0,9,0%,5.78
https://kaijo-fishing.com/2025/07/westjapan/shikoku/naoshima-turikouen/#index_id3,0,9,0%,5.78
https://kaijo-fishing.com/2025/07/westjapan/shikoku/naoshima-turikouen/#index_id4,0,9,0%,5.78
https://kaijo-fishing.com/column/travel/access/access-tokai,0,9,0%,6.11
https://kaijo-fishing.com/2025/07/westjapan/kyusyu/yunojifispark-kyusyu/#index_id0,0,9,0%,6.56
https://kaijo-fishing.com/2025/07/westjapan/kyusyu/yunojifispark-kyusyu/#index_id12,0,9,0%,6.56
https://kaijo-fishing.com/2025/07/westjapan/kyusyu/yunojifispark-kyusyu/#index_id3,0,9,0%,6.56
https://kaijo-fishing.com/2025/07/westjapan/kyusyu/yunojifispark-kyusyu/#index_id8,0,9,0%,6.56
https://kaijo-fishing.com/fishing-facility/fishing-land-hyuga,0,9,0%,8.78
https://kaijo-fishing.com/column/trivia/cloudy-day-advantage/,0,9,0%,9.11
https://kaijo-fishing.com/2025/07/chubu/chubu-tokai/kaijyomaruya-shizuoka/,0,9,0%,9.22
https://kaijo-fishing.com/fishing-facility/searoad-yawatahama,0,9,0%,9.44
https://kaijo-fishing.com/fishing-facility/west-japan/nagasaki/tsuribori-hamakatsu/,0,9,0%,9.44
https://kaijo-fishing.com/2025/07/westjapan/kansai/sumaduri-hyogo/#index_id0,0,9,0%,9.89
https://kaijo-fishing.com/2025/07/westjapan/kansai/sumaduri-hyogo/#index_id6,0,9,0%,9.89
https://kaijo-fishing.com/column/ranking/mie-wakayama/,0,9,0%,10
https://kaijo-fishing.com/2025/07/chubu/chubu-tokai/araibentenumi-shizuoka/#index_id0,0,9,0%,10.33
https://kaijo-fishing.com/2025/07/chubu/chubu-tokai/araibentenumi-shizuoka/#index_id7,0,9,0%,10.33
https://kaijo-fishing.com/fishing-facility/kaijo-tsuribori-maruya/,0,9,0%,10.33
https://kaijo-fishing.com/blog/mejina/theory/,0,9,0%,10.56
https://kaijo-fishing.com/2025/07/chubu/chubu-tokai/kaijyowakou-mie/#index_id13,0,9,0%,10.78
https://kaijo-fishing.com/fishing-facility/east-japan/kanagawa/miura-kaiou/,0,9,0%,11.44
https://kaijo-fishing.com/blog/fugu/gourmet,0,9,0%,11.56
https://kaijo-fishing.com/fishing-facility/blue-park-ano,0,9,0%,13.11
https://kaijo-fishing.com/2025/12/コラム/winter-bluefin-searchscience/,0,9,0%,13.89
https://kaijo-fishing.com/tactics/fish-strategy/tide-wind-calculation/,0,9,0%,15.44
https://kaijo-fishing.com/fishing-facility/naoetsu-port-3rd-east-breakwater/,0,9,0%,15.56
https://kaijo-fishing.com/fishing-facility/west-japan/tokushima/,0,9,0%,16.78
https://kaijo-fishing.com/column/trivia/why-madai-red/,0,9,0%,17.33
https://kaijo-fishing.com/blog/kagawa-shodoshima-trip,0,9,0%,19.22
https://kaijo-fishing.com/fishing-facility/kaijo-tsuribori-fukujumaru/,0,9,0%,19.67
https://kaijo-fishing.com/column/travel/access/access-kanto,0,9,0%,25
https://kaijo-fishing.com/fishing-facility/kaijo-tsuribori-yuasa,0,9,0%,26.67
https://kaijo-fishing.com/2026/01/howto/myakuzuri-guide/,0,9,0%,27.33
https://kaijo-fishing.com/2025/07/westjapan/shikoku/ikada-takahashitosen/,0,9,0%,27.89
https://kaijo-fishing.com/fishing-facility/west-japan/hyogo/,0,9,0%,28.44
https://kaijo-fishing.com/fishing-facility/east-japan/chiba,0,9,0%,76.22
https://kaijo-fishing.com/column/travel/nagasaki-goto-trip/,0,8,0%,4
https://kaijo-fishing.com/blog/column/trivia/tsuyu-target-fish-guide/,0,8,0%,5.38
https://kaijo-fishing.com/column/trivia/cost-calculation-guide/,0,8,0%,6.5
https://kaijo-fishing.com/2025/08/howto/turiborihowto-kougakuseikyu/#index_id0,0,8,0%,6.88
https://kaijo-fishing.com/2025/08/howto/turiborihowto-kougakuseikyu/#index_id2,0,8,0%,6.88
https://kaijo-fishing.com/2025/08/howto/turiborihowto-kougakuseikyu/#index_id5,0,8,0%,6.88
https://kaijo-fishing.com/blog/stocking-time-strategy/,0,8,0%,7.25
https://kaijo-fishing.com/2025/07/westjapan/chugoku/chugoku-matome/#index_id5,0,8,0%,7.75
https://kaijo-fishing.com/fishing-facility/tsuribori-hamakatsu,0,8,0%,8.25
https://kaijo-fishing.com/column/trivia/family-vs-solo-fishing/,0,8,0%,8.5
https://kaijo-fishing.com/2025/07/chubu/chubu-hokuriku/notojima-rinkaisen/#index_id1,0,8,0%,9.12
https://kaijo-fishing.com/2025/07/chubu/chubu-hokuriku/notojima-rinkaisen/#index_id10,0,8,0%,9.12
https://kaijo-fishing.com/2025/07/chubu/chubu-hokuriku/notojima-rinkaisen/#index_id2,0,8,0%,9.12
https://kaijo-fishing.com/2025/07/chubu/chubu-hokuriku/notojima-rinkaisen/#index_id4,0,8,0%,9.12
https://kaijo-fishing.com/2025/07/chubu/chubu-hokuriku/notojima-rinkaisen/#index_id5,0,8,0%,9.12
https://kaijo-fishing.com/2025/07/chubu/chubu-hokuriku/notojima-rinkaisen/#index_id6,0,8,0%,9.12
https://kaijo-fishing.com/2025/07/chubu/chubu-hokuriku/notojima-rinkaisen/#index_id7,0,8,0%,9.12
https://kaijo-fishing.com/blog/why-expensive-fish/,0,8,0%,9.25
https://kaijo-fishing.com/2025/07/westjapan/kansai/sumaduri-hyogo/#index_id10,0,8,0%,9.75
https://kaijo-fishing.com/2025/07/westjapan/kansai/sumaduri-hyogo/#index_id3,0,8,0%,9.75
https://kaijo-fishing.com/tactics/fish-strategy/kawahagi/gourmet/,0,8,0%,10.12
https://kaijo-fishing.com/fishing-facility/kaijo-tsuribori-tsuriichi,0,8,0%,10.25
https://kaijo-fishing.com/2025/07/chubu/chubu-tokai/araibentenumi-shizuoka/#index_id13,0,8,0%,10.88
https://kaijo-fishing.com/2025/07/chubu/chubu-tokai/araibentenumi-shizuoka/#index_id3,0,8,0%,10.88
https://kaijo-fishing.com/fishing-facility/oarai-sea-fishing-center,0,8,0%,11.62
https://kaijo-fishing.com/column/travel/kagawa-shodoshima-trip/,0,8,0%,11.88
https://kaijo-fishing.com/blog/tactics/beginner/fish-senses,0,8,0%,13.88
https://kaijo-fishing.com/tactics/fish-strategy/kawahagi/advanced/,0,8,0%,15.12
https://kaijo-fishing.com/blog/wild-vs-farmed-taste,0,8,0%,16.5
https://kaijo-fishing.com/fishing-facility/west-japan/yamaguchi/fishing-park-hikari,0,8,0%,19
https://kaijo-fishing.com/fishing-facility/west-japan/kagoshima/sakurajima-sea-fishing-park,0,8,0%,19.5
https://kaijo-fishing.com/fishing-facility/center-japan/fukui/seapark-nyu/,0,8,0%,21.5
https://kaijo-fishing.com/blog/chinu-strategy/,0,8,0%,21.88
https://kaijo-fishing.com/fishing-facility/kaijo-tsuribori-yukimaru,0,8,0%,23.88
https://kaijo-fishing.com/blog/fishing-park-sasukeya,0,8,0%,26.88
https://kaijo-fishing.com/fishing-facility/center-japan/aichi/bakucho-mihama-fishing-park,0,8,0%,29.5
https://kaijo-fishing.com/fishing-facility/west-japan/hyogo/amagasaki-city-sea-fishing-park/,0,8,0%,33.62
https://kaijo-fishing.com/fishing-facility/west-japan/kumamoto,0,8,0%,34.88
https://kaijo-fishing.com/2025/07/westjapan/kansai/turibori-kisyu/#index_id0,0,7,0%,4.71
https://kaijo-fishing.com/2025/07/westjapan/kansai/turibori-kisyu/#index_id10,0,7,0%,4.71
https://kaijo-fishing.com/2025/07/westjapan/kansai/turibori-kisyu/#index_id3,0,7,0%,4.71
https://kaijo-fishing.com/2025/07/westjapan/kansai/turibori-kisyu/#index_id6,0,7,0%,4.71
https://kaijo-fishing.com/blog/suzuki/intermediate,0,7,0%,4.86
https://kaijo-fishing.com/blog/naize-fishing-center,0,7,0%,5
https://kaijo-fishing.com/blog/kawahagi-strategy/,0,7,0%,5.57
https://kaijo-fishing.com/2025/07/westjapan/shikoku/naoshima-turikouen/#index_id9,0,7,0%,6.57
https://kaijo-fishing.com/category/ri/3/,0,7,0%,6.57
https://kaijo-fishing.com/blog/tactics/fish-strategy/shimaji/gourmet/,0,7,0%,6.86
https://kaijo-fishing.com/blog/madai/gourmet/,0,7,0%,7
https://kaijo-fishing.com/blog/mejina/intermediate/,0,7,0%,7.14
https://kaijo-fishing.com/fishing-facility/west-japan/mie/anatani-aitai-fishing/,0,7,0%,7.57
https://kaijo-fishing.com/blog/kaijo-tsuribori-wako,0,7,0%,7.71
https://kaijo-fishing.com/blog/why-expensive-fish,0,7,0%,7.71
https://kaijo-fishing.com/blog/isaki/theory/,0,7,0%,7.86
https://kaijo-fishing.com/blog/tactics/fish-strategy/isaki/,0,7,0%,8.29
https://kaijo-fishing.com/blog/tactics/gear/beginner-tackle-set,0,7,0%,8.43
https://kaijo-fishing.com/blog/tactics/fish-strategy/chinu/advanced/,0,7,0%,8.57
https://kaijo-fishing.com/fishing-facility/fishing-bridge-akasaki,0,7,0%,9
https://kaijo-fishing.com/blog/oita-saganoseki-trip/,0,7,0%,10.43
https://kaijo-fishing.com/tactics/fish-strategy/buri/strategy,0,7,0%,10.43
https://kaijo-fishing.com/blog/kaijo-tsuribori-taikoubou,0,7,0%,10.86
https://kaijo-fishing.com/fishing-facility/kaijo-tsuribori-taikoubou,0,7,0%,10.86
https://kaijo-fishing.com/fishing-facility/west-japan/fukuoka/waita-sea-fishing-pier/,0,7,0%,11.71
https://kaijo-fishing.com/tactics/fish-strategy/aji-asaba-kamasu/advanced,0,7,0%,12.14
https://kaijo-fishing.com/column/travel/november-izu-autumn-leaves-trip/,0,7,0%,12.29
https://kaijo-fishing.com/fishing-facility/totto-park-koshima,0,7,0%,12.57
https://kaijo-fishing.com/fishing-facility/fishing-land-hyuga/,0,7,0%,12.71
https://kaijo-fishing.com/2025/11/eastjapan/kitanihon-11-pondofacility-information/,0,7,0%,13.43
https://kaijo-fishing.com/tactics/beginner/fish-senses,0,7,0%,13.86
https://kaijo-fishing.com/blog/fishing-park-toi,0,7,0%,14
https://kaijo-fishing.com/blog/tactics/fish-strategy/kawahagi/gourmet/,0,7,0%,14
https://kaijo-fishing.com/blog/kaijo-tsuribori-kaiyu,0,7,0%,15.43
https://kaijo-fishing.com/blog/awaji-family-trip,0,7,0%,17.43
https://kaijo-fishing.com/fishing-facility,0,7,0%,20.57
https://kaijo-fishing.com/fishing-facility/mukai-pearl-marine/,0,7,0%,21
https://kaijo-fishing.com/blog/isaki/gourmet/,0,7,0%,23.43
https://kaijo-fishing.com/category/westjapan/shikoku/,0,7,0%,23.71
https://kaijo-fishing.com/fishing-facility/miyazu-city-marine-fishing-park/,0,7,0%,24
https://kaijo-fishing.com/fishing-facility/miyazu-city-marine-fishing-park,0,7,0%,26.57
https://kaijo-fishing.com/tactics/beginner/fishing-etiquette,0,7,0%,26.86
https://kaijo-fishing.com/column/trivia/shinkei-jime-benefits,0,7,0%,27.43
https://kaijo-fishing.com/category/gaido/,0,6,0%,4.33
https://kaijo-fishing.com/blog/tactics/fish-strategy/shimaji/theory/,0,6,0%,5
https://kaijo-fishing.com/fishing-facility/searoad-yawatahama/,0,6,0%,6.33
https://kaijo-fishing.com/blog/edogawa-sea-fishing-park/,0,6,0%,7.17
https://kaijo-fishing.com/fishing-facility/koshima-sea-fishing-pond,0,6,0%,7.33
https://kaijo-fishing.com/blog/tactics/fish-strategy/madai/advanced/,0,6,0%,7.5
https://kaijo-fishing.com/2025/08/howto/turiborihowto-kougakuseikyu/#index_id3,0,6,0%,7.83
https://kaijo-fishing.com/2025/08/howto/turiborihowto-kougakuseikyu/#index_id4,0,6,0%,7.83
https://kaijo-fishing.com/2025/08/howto/turiborihowto-kougakuseikyu/#index_id6,0,6,0%,7.83
https://kaijo-fishing.com/blog/aji-saba-kamasu/intermediate,0,6,0%,8.17
https://kaijo-fishing.com/fishing-facility/tsuribori-shotokumaru/,0,6,0%,8.33
https://kaijo-fishing.com/blog/fishing-facility/center-japan,0,6,0%,8.67
https://kaijo-fishing.com/2025/07/westjapan/kansai/hiraisoturi-hyogo/,0,6,0%,9
https://kaijo-fishing.com/tactics/fish-strategy/kanpachi/theory,0,6,0%,9
https://kaijo-fishing.com/blog/koshima-sea-fishing-pond/,0,6,0%,9.5
https://kaijo-fishing.com/blog/suzuki/gourmet/,0,6,0%,9.67
https://kaijo-fishing.com/column/travel/shirahama-onsen-trip,0,6,0%,9.67
https://kaijo-fishing.com/column/trivia/tsuyu-target-fish-guide/,0,6,0%,9.83
https://kaijo-fishing.com/fishing-facility/niigata-east-port-2nd-east-breakwater/,0,6,0%,9.83
https://kaijo-fishing.com/fishing-facility/sendai-port-central-park-sea-square,0,6,0%,9.83
https://kaijo-fishing.com/blog/raft-fishing-takahashi,0,6,0%,10
https://kaijo-fishing.com/column/trivia/aging-fish-science/,0,6,0%,10.17
https://kaijo-fishing.com/blog/koueimaru/,0,6,0%,10.83
https://kaijo-fishing.com/tactics/gear/reel-and-line/,0,6,0%,10.83
https://kaijo-fishing.com/fishing-facility/sea-fishing-pond-kaikei,0,6,0%,11.17
https://kaijo-fishing.com/blog/column/travel/september-shimonoseki-fugu-trip/,0,6,0%,11.33
https://kaijo-fishing.com/column/trivia/how-to-cook-kampachi/,0,6,0%,11.33
https://kaijo-fishing.com/fishing-facility/fishing-park-omishima/,0,6,0%,11.83
https://kaijo-fishing.com/column/travel/september-silver-week-quiet-spots-guide/,0,6,0%,12.5
https://kaijo-fishing.com/fishing-facility/west-japan/kochi/kochi/raft-fishing-takahashi/,0,6,0%,12.67
https://kaijo-fishing.com/2025/09/fishingtech/海上釣り堀での青物（ブリ・ヒラマサ）釣り完全/,0,6,0%,14.33
https://kaijo-fishing.com/tactics/fish-strategy/kawahagi/theory/,0,6,0%,15.33
https://kaijo-fishing.com/blog/totto-park-koshima,0,6,0%,16.33
https://kaijo-fishing.com/tactics/beginner/first-fishing-pond,0,6,0%,16.5
https://kaijo-fishing.com/blog/sakurajima-sea-fishing-park,0,6,0%,17.83
https://kaijo-fishing.com/fishing-facility/fishing-park-omishima,0,6,0%,18.33
https://kaijo-fishing.com/blog/tactics/gear/,0,6,0%,18.5
https://kaijo-fishing.com/blog/umingu-oshima/,0,6,0%,18.83
https://kaijo-fishing.com/fishing-facility/west-japan/mie/,0,6,0%,19.17
https://kaijo-fishing.com/column/travel/shimanami-cycling-fishing/,0,6,0%,23.5
https://kaijo-fishing.com/fishing-facility/kaijo-tsuribori-yuasa/,0,6,0%,24.83
https://kaijo-fishing.com/blog/tactics/fish-strategy/kue/gourmet/,0,6,0%,25.67
https://kaijo-fishing.com/fishing-facility/west-japan/okinawa/motobu-fishing-ikada-umiseikatsu/,0,6,0%,26.33
https://kaijo-fishing.com/blog/tactics/beginner/,0,6,0%,28
https://kaijo-fishing.com/fishing-facility/shodoshima-furusatomura-fishing-pier,0,6,0%,28.5
https://kaijo-fishing.com/fishing-facility/ishida-fisherina/,0,6,0%,29.33
https://kaijo-fishing.com/blog/umingu-oshima,0,6,0%,32.83
https://kaijo-fishing.com/fishing-facility/jumbo-fishing-mura/,0,6,0%,33.17
https://kaijo-fishing.com/column/travel/chiba-minamiboso-trip/,0,6,0%,40.17
https://kaijo-fishing.com/fishing-facility/kobe-hiraiso-sea-fishing-park/,0,6,0%,48
https://kaijo-fishing.com/blog/suzuki-strategy,0,6,0%,54.83
https://kaijo-fishing.com/tag/関西釣り堀/,0,6,0%,67.5
https://kaijo-fishing.com/column/trivia/why-expensive-fish/,0,5,0%,3.4
https://kaijo-fishing.com/blog/suzuki/advanced,0,5,0%,4.2
https://kaijo-fishing.com/blog/isaki/intermediate,0,5,0%,5.4
https://kaijo-fishing.com/column/trivia/november-sudachi-buri-guide/,0,5,0%,6.4
https://kaijo-fishing.com/blog/tactics/fish-strategy/mejina/advanced/,0,5,0%,7.6
https://kaijo-fishing.com/tactics/gear/knot-strength-test,0,5,0%,7.8
https://kaijo-fishing.com/2025/07/chubu/chubu-tokai/denpachi-mie/,0,5,0%,8
https://kaijo-fishing.com/blog/column/trivia/august-summer-bluefish-time-strategy/,0,5,0%,8.2
https://kaijo-fishing.com/column/trivia/hook-size-science/,0,5,0%,8.2
https://kaijo-fishing.com/fishing-facility/marusui-kaisan,0,5,0%,8.2
https://kaijo-fishing.com/fishing-facility/shodoshima-furusatomura-fishing-pier/,0,5,0%,8.2
https://kaijo-fishing.com/2025/07/westjapan/shikoku/hamabe-tosen/#index_id0,0,5,0%,8.4
https://kaijo-fishing.com/2025/07/westjapan/shikoku/hamabe-tosen/#index_id3,0,5,0%,8.4
https://kaijo-fishing.com/2025/07/westjapan/shikoku/hamabe-tosen/#index_id4,0,5,0%,8.4
https://kaijo-fishing.com/tactics/fish-strategy/aji-asaba-kamasu/theory,0,5,0%,8.4
https://kaijo-fishing.com/blog/shimaji/gourmet,0,5,0%,8.6
https://kaijo-fishing.com/2025/07/chubu/chubu-tokai/turiborimonkey-mie/#index_id3,0,5,0%,8.8
https://kaijo-fishing.com/2025/07/chubu/chubu-tokai/turiborimonkey-mie/#index_id7,0,5,0%,8.8
https://kaijo-fishing.com/2025/07/westjapan/kyusyu/amakusakaijyoturi-kyusyu/#index_id0,0,5,0%,9.2
https://kaijo-fishing.com/2025/07/westjapan/kyusyu/amakusakaijyoturi-kyusyu/#index_id12,0,5,0%,9.2
https://kaijo-fishing.com/2025/07/westjapan/kyusyu/amakusakaijyoturi-kyusyu/#index_id3,0,5,0%,9.2
https://kaijo-fishing.com/2025/07/westjapan/kyusyu/amakusakaijyoturi-kyusyu/#index_id8,0,5,0%,9.2
https://kaijo-fishing.com/2026/01/fishingtech/winter-fish-species/,0,5,0%,9.2
https://kaijo-fishing.com/blog/suzuki/advanced/,0,5,0%,9.6
https://kaijo-fishing.com/blog/tactics/fish-strategy/tide-wind-calculation/,0,5,0%,9.6
https://kaijo-fishing.com/tactics/fish-strategy/isaki/intermediate/,0,5,0%,10
https://kaijo-fishing.com/blog/chiba-minamiboso-access-guide,0,5,0%,10.2
https://kaijo-fishing.com/blog/tactics/fish-strategy/hiramasa/advanced/,0,5,0%,10.2
https://kaijo-fishing.com/tactics/fish-strategy/ishidai/advanced,0,5,0%,10.2
https://kaijo-fishing.com/blog/fugu/theory,0,5,0%,10.4
https://kaijo-fishing.com/blog/tactics/fish-strategy/suzuki/theory/,0,5,0%,10.6
https://kaijo-fishing.com/column/travel/kumamoto-amakusa-trip/,0,5,0%,10.8
https://kaijo-fishing.com/fishing-facility/shinkamigoto-sea-fishing-pond/,0,5,0%,10.8
https://kaijo-fishing.com/fishing-facility/west-japan/mie/ugata-hamatsuri-center,0,5,0%,11.2
https://kaijo-fishing.com/fishing-facility/fishing-bridge-akasaki/,0,5,0%,11.4
https://kaijo-fishing.com/tactics/fish-strategy/isaki/advanced,0,5,0%,11.6
https://kaijo-fishing.com/2025/07/westjapan/chugoku/seto-kaiyuu/,0,5,0%,11.8
https://kaijo-fishing.com/2025/07/chubu/chubu-tokai/marusuikaisan-mie/,0,5,0%,13.2
https://kaijo-fishing.com/blog/fukui-mikata-goko/,0,5,0%,13.6
https://kaijo-fishing.com/fishing-facility/west-japan/miyazaki/shibushi-bay-daikoku-dolphin-land,0,5,0%,16.2
https://kaijo-fishing.com/column/trivia/february-shirasagi-salmon-guide/,0,5,0%,17.4
https://kaijo-fishing.com/blog/blue-park-ano/,0,5,0%,20.4
https://kaijo-fishing.com/column/travel/access/chiba-minamiboso-access-guide/,0,5,0%,20.6
https://kaijo-fishing.com/blog/fish-pressure-mechanism/,0,5,0%,20.8
https://kaijo-fishing.com/fishing-facility/center-japan,0,5,0%,25.6
https://kaijo-fishing.com/2025/09/howto/item-pricecheck/,0,5,0%,28.6
https://kaijo-fishing.com/column/travel/chiba-minamiboso-trip,0,5,0%,35.2
https://kaijo-fishing.com/fishing-facility/center-japan/shizuoka/ikadatsuri-tokai/,0,5,0%,37.4
https://kaijo-fishing.com/fishing-facility/east-japan/kanagawa,0,5,0%,40.4