上位のクエリ,クリック数,表示回数,CTR,掲載順位
海釣り公園 みか た 閉鎖,43,212,20.28%,2.56
海釣り公園 みか た 休業,36,194,18.56%,3.36
海釣り公園みかた,20,368,5.43%,10.74
関西 海上 釣り堀 ランキング,14,331,4.23%,7.39
イルカランド 釣り堀,12,97,12.37%,6.31
姫路 遊漁センター 現在,11,131,8.4%,4.27
姫路市立遊漁センター,10,90,11.11%,6.44
糸満イカダ,7,60,11.67%,8.95
姫路遊漁センター 再開,7,50,14%,4.5
海 釣り 公園 みか た 閉鎖,7,30,23.33%,5.2
海上 釣り堀 ランキング 関東,6,471,1.27%,7.57
姫路遊漁センター 閉園,6,100,6%,3.9
釣ってみんで釣り堀,5,283,1.77%,10.57
糸満釣り筏,5,112,4.46%,11.13
佐助屋 攻略,4,54,7.41%,7.7
小豆島 釣り堀,4,49,8.16%,8.33
姫路遊漁センター,4,43,9.3%,5.56
フィッシングパーク 土肥 料金,4,43,9.3%,11.81
明石海上釣り堀 ＠sea あっとしー,4,13,30.77%,12.31
舞鶴親海公園 釣り 料金,3,134,2.24%,9.66
脇田海釣り桟橋 料金,3,97,3.09%,7.16
パールマリン 料金,3,48,6.25%,8.23
海釣り公園 みかた,3,30,10%,9.93
深浦漁協 釣り筏,3,12,25%,10.33
勇払マリーナ 釣り堀,3,7,42.86%,3.43
海上 釣り堀 ランキング,2,128,1.56%,7.88
海上 釣り堀 ランキング 関西,2,47,4.26%,6.06
ジャンボフィッシング村,2,35,5.71%,33.43
海釣公園みかた,2,34,5.88%,10.21
若狭高浜海釣り公園,2,32,6.25%,29.06
関東 海上釣り堀,2,29,6.9%,38.24
九州 釣り堀 ランキング,2,27,7.41%,6.11
天草海上釣り堀 楽つり,2,26,7.69%,8.77
関西 海上釣り堀 ランキング,2,19,10.53%,8.74
南港魚つり園,2,19,10.53%,15.53
志布志 イルカランド 釣り堀,2,10,20%,8.2
糸満 イカダ,2,9,22.22%,7.67
和歌山マリーナシティ釣り公園,2,5,40%,37
浜部渡船,2,4,50%,13.75
近くの海上釣り堀,2,3,66.67%,13
とっとパーク小島 料金,1,192,0.52%,9.24
舞鶴 釣り堀,1,59,1.69%,12.47
あなたに逢い鯛 釣り堀 貸切,1,51,1.96%,7.76
太 海 フラワー磯釣りセンター 持ち帰り 料金,1,48,2.08%,11.94
あっとしー 釣り堀,1,44,2.27%,11.73
南港 魚釣り 園 料金,1,34,2.94%,6.79
篠島 釣り天国,1,34,2.94%,11.74
篠島釣り天国,1,33,3.03%,11.88
南港魚釣り園 料金,1,32,3.12%,9.06
徳島 釣ってみんでフィッシング,1,29,3.45%,10
仮屋湾遊漁センター,1,28,3.57%,28.64
沖縄 イカダ 釣り 糸満,1,27,3.7%,8.11
明石 釣り堀,1,27,3.7%,25.04
ジャンボフィッシング村 攻略,1,24,4.17%,3.54
海恵,1,23,4.35%,37.17
関西 釣り堀 ランキング,1,22,4.55%,9.09
海上釣り堀 東北,1,20,5%,12.45
小豆島 釣り 手ぶら,1,19,5.26%,3.58
釣り堀 かい えい 休業,1,19,5.26%,11.84
つりぐ の ぞうさん 料金,1,18,5.56%,6
釣り一,1,16,6.25%,7.38
遊漁センター 姫路,1,16,6.25%,7.44
舞鶴 海上 釣り堀,1,16,6.25%,9.69
海上釣り堀,1,16,6.25%,17.38
海上 釣り堀 東北,1,15,6.67%,9.6
明石海上釣り堀 @sea あっとしー,1,15,6.67%,12.4
和歌山 海上釣り堀,1,14,7.14%,38.21
姫路市遊漁センター,1,13,7.69%,8.92
カンパチ 西京焼き,1,12,8.33%,9.08
南港海釣り公園,1,12,8.33%,25
曇りの日 釣り,1,11,9.09%,7.27
篠島 釣り 天国 閉店,1,11,9.09%,7.45
三方海釣り公園,1,11,9.09%,7.91
北海道 海上釣り堀,1,11,9.09%,8.82
あか ぐり 海釣り公園 アオリイカ,1,11,9.09%,10.09
姫路 遊漁センター,1,10,10%,4.6
宮崎 釣り堀 海,1,8,12.5%,10.75
由良海釣り公園 攻略,1,8,12.5%,19.38
ひる が 海上釣堀 料金,1,8,12.5%,19.62
つりぐのぞうさん,1,7,14.29%,13.14
勇払マリーナ 釣り,1,7,14.29%,13.43
海釣りランド,1,7,14.29%,16.86
フィッシングパーク,1,6,16.67%,9
黒潮市場 釣り堀,1,6,16.67%,9.83
小豆島 釣り,1,6,16.67%,53.67
能登島 海釣りセンター 釣った魚 持ち帰り,1,5,20%,8.4
糸満 筏釣り,1,5,20%,9.6
海釣りセンター,1,5,20%,12.6
大三島フィッシングパーク,1,5,20%,18
海上 釣り堀 安い 関東,1,5,20%,19
釣り堀 ハマカツ,1,5,20%,19.6
大三島 釣り,1,5,20%,34.2
シー パーク 丹生 仕掛け,1,4,25%,12.25
しまなみ海道 釣り堀公園 レビュー,1,4,25%,17.5
網代港 いかだ釣りの東海,1,4,25%,19.75
海上 釣り堀 宮城,1,3,33.33%,10
鴨池海釣り公園 料金,1,3,33.33%,11.33
直島つり公園,1,3,33.33%,35.67
若狭 釣り堀,1,3,33.33%,38.33
イサキ 皮霜造り,1,2,50%,11
本結び 針,1,2,50%,14.5
海上釣り堀 シマアジ,1,2,50%,17.5
高島 釣り レンタル,1,2,50%,23
熊本 釣り 手ぶら,1,2,50%,23.5
フィッシングパーク大三島 釣果,1,2,50%,28
辨屋 攻略,1,2,50%,32
レンタルボート 熊本,1,1,100%,1
リール,1,1,100%,4
南港魚つり園 護岸 写真,1,1,100%,8
水宝 姫路港,1,1,100%,18
マグロ釣堀,1,1,100%,19
筏 釣り トイレ,1,1,100%,19
アットシー 明石,1,1,100%,20
イサキ白子 保存方法,1,1,100%,20
釣り堀 マルヨ 水深,1,1,100%,24
釣り堀 水宝 仕掛け,1,1,100%,26
海上釣堀 岬 攻略,1,1,100%,28
徳島 釣り 手ぶら,1,1,100%,34
魚 つかみ取り 大阪,1,1,100%,35
須佐漁港 釣り,1,1,100%,72
赤礁崎海釣り公園,1,1,100%,80
あっとしー,0,101,0%,10.36
海上釣り堀 関東,0,93,0%,13.02
とっ と パーク小島 料金,0,85,0%,9.58
迎パールマリン,0,74,0%,15.03
松名瀬フィッシングパーク,0,66,0%,35.18
九州 釣り堀,0,58,0%,20.12
苫小牧 釣り堀,0,54,0%,11.39
釣り堀 関西,0,50,0%,40.6
あなたに逢い鯛 料金,0,48,0%,8.79
あっとシー,0,48,0%,10.21
海恵 休業 理由,0,48,0%,11.31
佐世保 釣り堀,0,44,0%,16.14
海釣りランド 写真,0,41,0%,9.05
レンタルタックルとは,0,37,0%,8.3
かい えい 釣り堀 休業,0,37,0%,11.97
釣り堀 大阪,0,37,0%,39.11
あっ とし ー 料金,0,34,0%,9.26
鴨池海釣り公園 レンタル 料金,0,34,0%,11.65
フィッシング ランド 日向 攻略,0,33,0%,10.82
篠島つり天国,0,33,0%,32.15
苫小牧 一本防波堤 サクラマス,0,32,0%,7.66
とっとパーク小島 ライフジャケット,0,32,0%,8.56
和歌山マリーナシティ海釣り公園・釣り堀,0,31,0%,29.68
釣ってみんでフィッシング,0,30,0%,11.17
姫路 海釣り公園,0,30,0%,12.87
豊浜海釣り公園 料金,0,29,0%,8.31
釣り堀 香川,0,29,0%,40.31
とっとパーク小島 入場料,0,28,0%,7.36
湯の児フィッシングパーク 料金,0,28,0%,8.14
あっとしー明石,0,28,0%,11.5
海上 釣り堀 関東,0,28,0%,14.93
舞鶴親海公園 夜釣り,0,27,0%,8.52
シーパーク丹生,0,27,0%,34.78
香川 釣り堀,0,27,0%,42.59
海上 釣り堀 三重県 料金,0,26,0%,14.08
関西 釣り堀,0,26,0%,37.23
釣ってみんで釣り堀 レビュー,0,25,0%,10.4
高知 釣り堀,0,25,0%,34.08
姫路海釣り公園,0,24,0%,9.04
直島 釣り,0,24,0%,19.33
曇り 釣り,0,23,0%,9.57
明石 あっとしー,0,23,0%,10.43
和歌山マリーナシティ 海釣り公園,0,23,0%,35.78
舞鶴親海公園 釣り レンタル,0,21,0%,10.05
明石あっとしー,0,21,0%,11.48
福岡市海づり公園,0,21,0%,41.95
イサキ 霜皮造り,0,20,0%,10
明石 釣り堀 料金,0,20,0%,11.5
和光 釣り堀 貸切,0,19,0%,11.32
鴨池海 釣り 公園 料金,0,19,0%,12.42
釣り公園 佐助屋,0,19,0%,33
関西釣り堀,0,19,0%,40.37
海上釣堀湯浅 レビュー,0,18,0%,7.67
釣り 曇りの日,0,18,0%,8.78
イルカ ランド 釣り堀,0,17,0%,6.29
海釣り公園,0,17,0%,16.88
大阪 釣り堀,0,17,0%,36.53
愛媛 釣り堀,0,16,0%,44.88
南港 魚釣り 園,0,16,0%,66
小豆島 釣り体験,0,15,0%,5.53
天草 海上 釣り堀 楽つり,0,15,0%,7.6
イサキ 白子 真子,0,15,0%,10.13
脇田海釣り桟橋 水深,0,15,0%,10.53
釣り堀かいえい休業,0,15,0%,11.6
飛島磯釣り公園,0,15,0%,42.8
南港 魚つり 園 護岸,0,15,0%,59
天草海上釣り堀 楽つり レビュー,0,14,0%,8.43
城ヶ島 釣り堀 料金,0,14,0%,11.21
明石 海上釣り堀,0,14,0%,18.79
ハリス 選び方,0,14,0%,23.86
フィッシングパークトリトン,0,14,0%,32.21
海上釣堀 筏釣りの東海,0,14,0%,40.29
雨でも釣りができる場所,0,13,0%,8.46
あなたに逢い鯛 予約,0,13,0%,9.77
海 釣り堀 東北,0,13,0%,10.46
釣り堀 苫小牧,0,13,0%,17.08
天草 釣堀 レジャーランド 料金,0,13,0%,18
湯の児フィッシングパーク,0,13,0%,31.46
フィッシングパーク トリトン,0,13,0%,32.92
福岡市 釣り堀,0,13,0%,36.23
南港 う おつり えん,0,13,0%,54.92
南港 魚つり 園,0,13,0%,66.92
釣り堀 時期,0,12,0%,7.42
豊浜海釣り公園 写真,0,12,0%,9.42
大三島 釣り堀,0,12,0%,25
賢島フィッシングパーク海遊苑,0,12,0%,28.58
四国 釣り堀,0,12,0%,31.83
フィッシングパーク光,0,12,0%,41.5
脈釣り 仕掛け,0,12,0%,41.67
天草 釣り堀,0,12,0%,47.17
釣り堀ハマカツ レビュー,0,11,0%,8.09
鴨池海釣り公園 エサ 代,0,11,0%,8.18
迎パールマリン 料金,0,11,0%,9.73
"熱海 釣り堀 3,000 円",0,11,0%,11.27
高島 釣りパック,0,11,0%,11.45
釣り堀ハマカツ,0,11,0%,12.36
海上 釣り堀 まるや 攻略,0,11,0%,12.45
関西 海上 釣り堀 安い,0,11,0%,12.82
しまなみ海道 釣り堀,0,11,0%,24
篠島 釣り堀,0,11,0%,31.18
広島 海上 釣り堀,0,11,0%,40.09
下関フィッシングパーク,0,11,0%,45.73
舞鶴釣り場,0,11,0%,47.64
とっ と パーク,0,11,0%,50.64
仮屋 湾 遊漁 センター,0,11,0%,65.64
雑賀崎シーパーク 攻略,0,10,0%,9.7
佐助屋,0,10,0%,10
芦北 釣り堀,0,10,0%,10.7
かい えい 釣り堀 閉店,0,10,0%,12.3
海 釣り堀,0,10,0%,13.5
大阪 釣り堀 手ぶら,0,10,0%,14.6
ジャンボフィッシング村 レビュー,0,10,0%,20.6
かいえい,0,10,0%,25.8
広島 海上釣り堀,0,10,0%,32.9
姫路 海上釣り堀,0,10,0%,35
南港釣り場,0,10,0%,37.1
関西 海上釣り堀,0,10,0%,37.4
とっとパーク小島,0,10,0%,49.3
姫路 釣り堀,0,10,0%,50
とっ と パーク 小島,0,10,0%,53.6
釣り堀 関東,0,10,0%,56.9
釣り堀 佐世保,0,9,0%,3.78
佐世保釣り堀,0,9,0%,3.89
遊漁センター,0,9,0%,6.89
南港 釣り 公園 料金,0,9,0%,7.89
広島 海遊,0,9,0%,7.89
海上釣堀 雨の日,0,9,0%,9.67
シーバス 餌 切り身,0,9,0%,10
仙台港中央公園 釣り,0,9,0%,11.56
釣り堀 大阪 手ぶら,0,9,0%,12.44
下関 釣り堀,0,9,0%,27.22
賢島フィッシングパーク 海遊苑,0,9,0%,27.22
徳島 釣り堀,0,9,0%,33.78
敦賀 釣り堀,0,9,0%,35.67
海上釣り堀 淡路島 予約,0,9,0%,36.11
関東 釣り堀 海,0,9,0%,37.78
天草釣堀レジャーランド,0,9,0%,42.89
福岡 釣り堀,0,9,0%,48.89
フィッシング ランド 日向,0,9,0%,56.78
篠島 釣り,0,9,0%,64.89
北九州 釣り 手ぶら,0,8,0%,3.62
苫小牧釣り堀,0,8,0%,6.62
小島釣り堀,0,8,0%,8.25
釣り公園,0,8,0%,8.62
大洗 釣り堀,0,8,0%,9.5
カンパチ 刺身 翌日,0,8,0%,9.75
真鯛 身が赤い,0,8,0%,10
血抜き,0,8,0%,11
かいえい 釣り堀 休業,0,8,0%,11.12
海釣り公園 レンタル 料金,0,8,0%,11.25
釣り堀 海恵 料金,0,8,0%,12.38
クロソイ 適水温,0,8,0%,13
海の釣り堀,0,8,0%,14
はさま浦 釣り堀 センター 攻略,0,8,0%,14.25
フィッシングパーク大三島,0,8,0%,17.62
海上釣り堀 岬,0,8,0%,28.75
フィッシングランド日向,0,8,0%,40
尾道 釣り堀,0,8,0%,45.25
由良 海 釣り 公園,0,8,0%,53.38
由良海釣り公園,0,8,0%,60.25
とっとパーク小島 レンタル,0,7,0%,7.29
南港釣り公園 料金,0,7,0%,8.14
カワハギ 口ゴボ,0,7,0%,8.43
チヌ 料理 臭み,0,7,0%,9.43
釣ってみ んで 釣り堀 レビュー,0,7,0%,10
関西釣り堀ランキング,0,7,0%,10
京都 釣り堀 海,0,7,0%,12.14
釣り堀 九州,0,7,0%,12.14
釣り堀 水宝 料金,0,7,0%,13.43
海釣公園,0,7,0%,19.86
静岡 海上釣り堀,0,7,0%,30.43
海 釣り堀 関西,0,7,0%,30.57
神奈川 海上釣り堀,0,7,0%,33.71
東海 釣り堀,0,7,0%,40.57
舞鶴 海釣り公園,0,7,0%,40.86
仮屋湾,0,7,0%,41.71
フィッシングパークtoi,0,7,0%,43.57
和歌山 海釣り公園,0,7,0%,45.29
新潟 釣り堀,0,7,0%,45.71
釣り堀岬,0,7,0%,53.14
鴨池海づり公園,0,7,0%,54.86
舞鶴親海公園,0,7,0%,60.14
平磯 海 釣り 公園,0,7,0%,60.71
福井 海釣り公園,0,6,0%,4.5
釣り堀 雨の日,0,6,0%,6.83
和歌山マリーナシティ海釣り公園,0,6,0%,8.17
幸丸 高知,0,6,0%,9.5
わいた海釣り桟橋,0,6,0%,9.67
海上釣り堀 海遊,0,6,0%,9.67
フィッシングブリッジ赤崎,0,6,0%,9.83
釣り筏 高橋,0,6,0%,9.83
三重県 海上 釣り堀 ランキング,0,6,0%,10
パールマリン 長崎,0,6,0%,10.17
釣り堀 水宝 攻略,0,6,0%,10.17
曇り釣り,0,6,0%,10.5
オリジナルメーカー海釣り公園 レンタル 料金,0,6,0%,10.83
海上 釣り堀 仕掛け 結び方,0,6,0%,11
はさま浦 釣り堀 センター 料金,0,6,0%,11.5
マルスイ海産,0,6,0%,12
福井県 釣り堀 料金,0,6,0%,12
須磨海釣り公園 料金,0,6,0%,12.33
あなたに逢い鯛 受付 時間,0,6,0%,12.83
海上釣り堀 幸丸,0,6,0%,15
うみング大島,0,6,0%,15.83
小島 釣り堀,0,6,0%,22.67
美浜フィッシングパーク,0,6,0%,29.17
南港魚つり園護岸,0,6,0%,30
愛知 海上釣り堀,0,6,0%,30.33
イルカ ランド 料金,0,6,0%,31.17
intitle:プライバシーポリシー,0,6,0%,31.83
舞鶴親海公園 釣果,0,6,0%,33.17
阿多田島 釣り堀,0,6,0%,34.5
小浜 筏,0,6,0%,37.67
熊本 釣り堀 安い,0,6,0%,38.33
長崎 釣り堀,0,6,0%,38.33
博多 釣り堀,0,6,0%,38.83
竿 選び方,0,6,0%,41.17
鹿児島市鴨池海づり公園,0,6,0%,41.83
ハリス おすすめ,0,6,0%,43.67
福岡 市 海 づり 公園,0,6,0%,45.67
海上 釣り堀 広島,0,6,0%,47
安戸池,0,6,0%,47.17
海 釣り堀 関東,0,6,0%,48.83
釣り堀 和歌山,0,6,0%,51
釣り堀 コツ,0,6,0%,55.33
新居 弁天 海 釣 公園,0,6,0%,68.33
海上釣堀 釣座選び,0,5,0%,5.4
とれとれ市場 釣り堀,0,5,0%,7.6
水宝 マグロ挑戦権 料金,0,5,0%,10
海釣り公園 手ぶら,0,5,0%,10
チヌ 刺身 臭み取り,0,5,0%,11.2
ポルトヨーロッパ 釣り堀,0,5,0%,11.4
仙台港 釣り堀,0,5,0%,11.6
釣り堀 持ち帰り,0,5,0%,14
釣り堀 明石,0,5,0%,16
海上釣堀岬,0,5,0%,17.4
はさま浦釣り堀センター,0,5,0%,20
仙台 釣り堀,0,5,0%,27
大漁丸,0,5,0%,28.8
南港魚つり園 護岸,0,5,0%,31
釣り堀 徳島,0,5,0%,32.8
釣り堀かいえい,0,5,0%,33.2
海恵 釣り堀,0,5,0%,37.6
ひるが海上釣り堀,0,5,0%,37.8
ミャク釣りとは,0,5,0%,39.2
由良 釣り堀,0,5,0%,40.2
福井海上釣り堀,0,5,0%,41.6
釣り堀 岬,0,5,0%,42.2
あかぐり海釣公園,0,5,0%,44
北九州 釣り堀,0,5,0%,44.2
唐津 釣り堀,0,5,0%,44.8
福岡 海釣り公園,0,5,0%,45
メジナ 味,0,5,0%,45.6
賢島 釣り,0,5,0%,46.4
関東 海上 釣り堀,0,5,0%,46.6
鹿児島 海釣り公園,0,5,0%,48.4
神戸 釣り堀,0,5,0%,51
フィッシングパーク土肥,0,5,0%,51.2
釣り堀 高知,0,5,0%,58.4
千葉 海 釣り堀,0,5,0%,72
あかぐり海釣り公園,0,5,0%,74.6
海 釣り 関西,0,5,0%,78
南港 釣り公園 料金,0,4,0%,5.5
イシダイ 歯,0,4,0%,8.25
南港魚釣り園 トイレ,0,4,0%,9
岩手 釣り堀 海,0,4,0%,9
釣具のぞうさん,0,4,0%,9
幸丸水産,0,4,0%,9.75
尾鷲 マルスイ,0,4,0%,10
釣り堀 海恵 姫路港乗船場,0,4,0%,10.75
チヌ コーン なぜ,0,4,0%,11
パールマリン 佐世保,0,4,0%,11
佐助屋 三重,0,4,0%,11
水宝 時間,0,4,0%,11.5
釣り堀 魚 持ち帰り,0,4,0%,12
浅虫 釣り堀,0,4,0%,12.25
クロダイ スイカ,0,4,0%,12.5
南港魚釣り園 レンタル,0,4,0%,12.5
釣り 公園,0,4,0%,12.5
海遊 釣り堀,0,4,0%,12.75
姫路 釣り堀 料金,0,4,0%,14
イサキ 白子 炙り,0,4,0%,14.5
シルバーウィーク 穴場,0,4,0%,15.5
姫路 釣り公園,0,4,0%,15.75
能登島 釣りセンター,0,4,0%,21
仙台 釣り公園,0,4,0%,21.5
しまなみ海道 釣り堀公園,0,4,0%,22.75
鴨池海釣り公園,0,4,0%,23.25
由良海釣り公園 水深,0,4,0%,24.75
海上釣り堀 広島,0,4,0%,26
高島釣り公園,0,4,0%,31.25
海上 釣り堀 神奈川,0,4,0%,31.5
南港 海釣り公園,0,4,0%,32
釣り堀海恵,0,4,0%,33
南港 釣り,0,4,0%,34
クロダイ の ダンゴ 釣り,0,4,0%,35
釣り堀水宝,0,4,0%,35.25
魚 血抜き,0,4,0%,35.25
雑賀崎シーパーク,0,4,0%,36.5
佐賀 釣り堀,0,4,0%,37.25
三寒四温、3月スタートは気温上昇,0,4,0%,38.25
水宝,0,4,0%,38.25
須磨海づり公園,0,4,0%,39.25
フィッシングレインボー,0,4,0%,40.25
海釣り公園 福岡,0,4,0%,40.75
ロッド 選び方,0,4,0%,41
かい えい 釣り堀,0,4,0%,41.75
土肥 釣り堀,0,4,0%,41.75
大阪 海釣り,0,4,0%,43
爆釣 美浜 フィッシング パーク,0,4,0%,43.75
釣り堀 福岡,0,4,0%,43.75
福岡市 海釣り公園,0,4,0%,44
釣り 雨,0,4,0%,44
とっ と パーク小島,0,4,0%,44.25
福井 海上釣り堀,0,4,0%,44.5
三重海上釣り堀,0,4,0%,45.5
関東 釣り堀,0,4,0%,45.75
しまなみ海道 釣り,0,4,0%,46.75
浜松 海釣り公園,0,4,0%,47.25
南港魚釣り園,0,4,0%,50.25
あか ぐり 海 釣り 公園 釣果,0,4,0%,51.5
福岡市海釣り公園,0,4,0%,51.75
大阪 釣り堀 海,0,4,0%,56.5
白浜 釣り堀,0,4,0%,56.75
大阪 海上 釣り堀,0,4,0%,59.75
新居弁天海釣公園,0,4,0%,59.75
能登島 釣り,0,4,0%,63.25
舞鶴 釣り場,0,4,0%,67
新舞子マリンパーク,0,4,0%,67.5
神戸 市立 平磯 海 づり 公園,0,4,0%,68.25
大阪 海 釣り堀,0,4,0%,71.25
須磨 海 釣り 公園,0,4,0%,72.5
新舞子 マリン パーク,0,4,0%,89
トラウトサーモン 餌,0,3,0%,1
直島釣り,0,3,0%,1
鴨池海釣り公園 釣れる 魚,0,3,0%,1
あなたに逢い鯛,0,3,0%,3.33
ジャンボフィッシング村 写真,0,3,0%,3.67
福井海釣り公園,0,3,0%,3.67
屋根がある釣り場,0,3,0%,5.33
明石海上釣り堀 ＠sea あっとしー 写真,0,3,0%,8
阿多田島 海遊,0,3,0%,8
鴨池海釣り 公園 エサ 代,0,3,0%,8.67
迎 パールマリン 予約,0,3,0%,10
天草 釣堀 レジャーランド 仕掛け,0,3,0%,10.67
最大ドラグ力 10kg 青物,0,3,0%,11
沖洲 釣り堀,0,3,0%,11
大洗 海釣り公園,0,3,0%,11.33
かいゆうえん,0,3,0%,11.67
桜島海釣り 公園 レンタル 料金,0,3,0%,11.67
福井 釣り堀 3000 円,0,3,0%,11.67
釣り堀 服装,0,3,0%,11.67
三重 釣り 手ぶら,0,3,0%,12.33
湯浅釣り堀,0,3,0%,12.33
明石海上釣り堀,0,3,0%,13
死にアジ 青物,0,3,0%,13
大分 釣り堀 海,0,3,0%,13.67
いわき 釣り堀,0,3,0%,14
メジナ 磯臭い,0,3,0%,14.67
南港 釣り堀,0,3,0%,15
福岡 海上釣り堀,0,3,0%,15
しまなみ海道釣り堀公園,0,3,0%,15.67
九州釣り堀,0,3,0%,16.33
福岡 釣り 手ぶら,0,3,0%,16.33
筏釣り トイレ,0,3,0%,16.67
松阪 釣り堀,0,3,0%,17.67
海上釣り堀岬,0,3,0%,18
岬釣り堀,0,3,0%,18.33
シーパーク丹生 レビュー,0,3,0%,19.67
明石海上釣り堀 ＠sea あっとしー レビュー,0,3,0%,20
トリトン 鳥羽,0,3,0%,20.67
豊浜海釣り公園,0,3,0%,21.33
フィッシングパークトリトン (鳥羽市),0,3,0%,22.33
真鯛 捌き方,0,3,0%,23.67
鯛 釣り堀,0,3,0%,24.33
釣り堀 海,0,3,0%,24.67
かいえい 釣り堀,0,3,0%,26.33
海上釣り堀水宝,0,3,0%,28
大阪 海上釣り堀,0,3,0%,29.67
海上釣堀 岬,0,3,0%,30
北海道 釣り堀,0,3,0%,30.33
城ヶ島 海上釣り堀,0,3,0%,32.67
尼崎釣り場,0,3,0%,33
由良釣り堀,0,3,0%,34.33
海生活(マリンライフ),0,3,0%,34.67
釣り堀 熊本,0,3,0%,35.33
鶴岡 釣り堀,0,3,0%,36
フィッシング レインボー,0,3,0%,37
浜名湖 海釣り公園,0,3,0%,37.33
浜名湖 釣り堀,0,3,0%,37.33
新舞子 釣り,0,3,0%,38.33
由良海つり公園,0,3,0%,39
爆釣美浜フィッシングパーク,0,3,0%,39.33
三重 海上釣り堀,0,3,0%,40.33
和歌山 マリーナシティ 釣り,0,3,0%,41.33
水 宝,0,3,0%,41.33
桜鯛,0,3,0%,41.67
神戸市立平磯海づり公園,0,3,0%,41.67
雨の日 釣り,0,3,0%,43
志布志湾海の駅イルカランド,0,3,0%,43.67
和歌山 釣り堀,0,3,0%,44.67
下関 フィッシング パーク,0,3,0%,47
紀州釣堀,0,3,0%,47.33
光フィッシングパーク,0,3,0%,48
広島 釣り堀,0,3,0%,48.33
雨上がり 釣り,0,3,0%,48.67
千葉 海上釣り堀,0,3,0%,49
石田フィッシャリーナ,0,3,0%,50.67
阿 多 田島 釣り,0,3,0%,50.67
大阪 海釣り公園,0,3,0%,51.33
マリーナシティ 海釣り公園,0,3,0%,53.33
海上 釣り堀 静岡,0,3,0%,53.33
釣り堀 紀州,0,3,0%,53.33
ハリスとは,0,3,0%,54
釣り堀 水 宝,0,3,0%,54
正徳丸,0,3,0%,55.67
釣り堀 姫路,0,3,0%,59.33
魚釣り 大阪,0,3,0%,60
イルカ ランド,0,3,0%,61.33
小豆島 釣り ポイント,0,3,0%,61.67
平磯海釣り公園,0,3,0%,62.33
海上 釣り堀 関西,0,3,0%,62.33
海釣り公園福岡,0,3,0%,62.33
釣り堀 天草,0,3,0%,62.33
京都 釣り スポット,0,3,0%,64.67
釣り 満潮 干潮,0,3,0%,64.67
潮汐 読み方,0,3,0%,66
鳥羽 釣り堀,0,3,0%,66
日向 釣り堀,0,3,0%,66.33
須磨 海釣り公園,0,3,0%,66.33
スズキ 餌 釣り 仕掛け,0,3,0%,66.67
千葉 釣り堀 海,0,3,0%,69
満潮 干潮 釣り,0,3,0%,72
宮津 釣り場,0,3,0%,75.33
豊浜 漁港,0,3,0%,75.33
海上 釣り堀,0,3,0%,78.33
宮津 釣り,0,3,0%,79.67
満潮 釣り,0,3,0%,82
海上 釣堀,0,3,0%,83.67
イシダイ,0,3,0%,91.67
シマアジ 釣り方,0,2,0%,3
南港魚釣り園 駐車場,0,2,0%,3
みうら海王,0,2,0%,3.5
シマアジ 釣り,0,2,0%,3.5
うみング大島 釣り堀,0,2,0%,4
勇払マリーナ,0,2,0%,4
南港 魚つり 園 駐 車場,0,2,0%,4
姫路 遊漁センター 再開,0,2,0%,4
シマアジ釣り方,0,2,0%,4.5
脇田海釣り桟橋,0,2,0%,5.5
アジ 釣り堀,0,2,0%,6
スズキのパイ包み焼き,0,2,0%,7
太海フラワーセンター 商品,0,2,0%,7.5
敦賀 海釣り公園,0,2,0%,7.5
海遊 広島,0,2,0%,7.5
家島 海恵,0,2,0%,8.5
熊本 釣り堀 海,0,2,0%,8.5
とれとれ釣り堀,0,2,0%,9
曇り 釣り やすい,0,2,0%,9
釣り 曇り 釣れる,0,2,0%,9
つりいち,0,2,0%,9.5
中四国 釣り堀,0,2,0%,9.5
夜釣り堀,0,2,0%,9.5
山口県 釣り堀 海,0,2,0%,9.5
海上釣堀 ハリス 長さ,0,2,0%,9.5
釣り公園 宮城,0,2,0%,9.5
高知 幸丸,0,2,0%,9.5
パールマリン,0,2,0%,10
九州 海上釣り堀,0,2,0%,10
仙台港 釣り公園,0,2,0%,10
釣り堀 安い,0,2,0%,10
シーパーク丹生 仕掛け,0,2,0%,10.5
フィッシング レインボー 料金,0,2,0%,10.5
仙台港中央公園,0,2,0%,10.5
夏 海水温,0,2,0%,10.5
石川県 釣り堀 海,0,2,0%,10.5
釣ってみんで釣り堀 写真,0,2,0%,10.5
釣り堀 料金,0,2,0%,10.5
とっ と パーク 料金,0,2,0%,11
ないぜ釣りセンター,0,2,0%,11
イサキ 白子 保存,0,2,0%,11
桜島海づり公園 レビュー,0,2,0%,11
深日港駅 ブランド 買取,0,2,0%,11
湯の児フィッシングパーク 釣果,0,2,0%,11
釣り天国 篠島,0,2,0%,11
長崎 飛島 フェリー,0,2,0%,11
関東海上釣り堀,0,2,0%,11
鯛 赤い理由,0,2,0%,11
三重県 海上 釣り堀 陸続き,0,2,0%,11.5
宮津 釣り堀,0,2,0%,11.5
由良の釣り堀,0,2,0%,11.5
大洗海釣り公園,0,2,0%,12
海上 釣り堀 サザン 料金,0,2,0%,12
釣り堀 和光 仕掛け,0,2,0%,12
仮屋湾遊漁センター 料金,0,2,0%,12.5
内瀬釣りセンター,0,2,0%,12.5
須磨 海釣り公園 料金,0,2,0%,12.5
海釣り公園 料金,0,2,0%,13
釣り堀 紀州 料金,0,2,0%,13
黒潮市場 釣り,0,2,0%,13.5
ヒラマサ ドラグ設定,0,2,0%,14
イサキ釣り 棚の取り方,0,2,0%,14.5
海洋釣り堀,0,2,0%,14.5
とっとパーク 料金,0,2,0%,15
仮屋 湾遊漁センター 料金,0,2,0%,15
松名瀬海岸 釣り,0,2,0%,15
舞鶴海釣り公園,0,2,0%,15
海上釣り堀 おすすめ,0,2,0%,15.5
小浜釣り筏,0,2,0%,16
すいほう釣り堀,0,2,0%,16.5
ひる が 海上釣堀 仕掛け,0,2,0%,16.5
由良海洋釣堀,0,2,0%,16.5
能登島水族館 釣り,0,2,0%,16.5
佐助屋 外釣り,0,2,0%,17
釣り堀 オーパ 攻略,0,2,0%,17.5
答志島 釣り体験,0,2,0%,18
釣り堀 海 関東,0,2,0%,18
松名瀬,0,2,0%,18.5
海上釣り堀サーモン仕掛け,0,2,0%,18.5
釣り堀海遊,0,2,0%,18.5
釣り堀 いわき,0,2,0%,19
徳島県 釣り堀,0,2,0%,19.5
海恵（ かいえい）,0,2,0%,20
浜名湖 うなぎ釣り,0,2,0%,21
海上 釣り堀 海 遊,0,2,0%,22.5
能登島 海釣りセンター,0,2,0%,22.5
南港魚釣り園 営業時間,0,2,0%,23
沖縄 イカダ 釣り,0,2,0%,23
フィッシングパーク丹生,0,2,0%,23.5
神奈川県三浦市三崎町城ヶ島 650-70,0,2,0%,23.5
福井 ひるが海上釣り堀,0,2,0%,23.5
須磨海づり公園 料金,0,2,0%,23.5
鳥羽 トリトン,0,2,0%,23.5
鴨池 釣り,0,2,0%,23.5
マグロ 釣り堀,0,2,0%,24
仙台港 釣り,0,2,0%,24
仮屋湾 西 遊漁センター,0,2,0%,24
イサキ 棚,0,2,0%,24.5
海上 釣堀 大漁丸,0,2,0%,24.5
湯浅 釣り堀,0,2,0%,24.5
釣堀岬,0,2,0%,24.5
海上釣堀紀州,0,2,0%,25
海釣り施設,0,2,0%,25
フィッシングパーク大三島 レビュー,0,2,0%,25.5
静岡 海上 釣り堀,0,2,0%,26
スレた魚,0,2,0%,26.5
じゃのひれフィッシングパーク,0,2,0%,27
明石釣り堀,0,2,0%,28
苫小牧 釣り場,0,2,0%,28
シーロード八幡浜,0,2,0%,28.5
南港釣り園,0,2,0%,28.5
山口 釣り堀,0,2,0%,28.5
苫小牧 サクラマス ポイント,0,2,0%,28.5
修善寺 釣り,0,2,0%,29
広島 海釣り 手ぶら,0,2,0%,29
水宝 海上釣堀,0,2,0%,29
イサキ 白子 食べ 方,0,2,0%,29.5
釣り堀 海恵,0,2,0%,29.5
釣り堀 宮城,0,2,0%,30
鴨池海釣り公園 カンパチ,0,2,0%,30
沼津 海上釣り堀,0,2,0%,30.5
徳島釣り堀,0,2,0%,31.5
仙台港釣り,0,2,0%,32
南港 魚釣り 園 駐 車場,0,2,0%,32
大阪府 釣り堀,0,2,0%,32
豊浜漁港 釣り,0,2,0%,32.5
ミャク釣り,0,2,0%,33.5
小浜筏,0,2,0%,34
和光 釣り堀,0,2,0%,34.5
水宝 釣果,0,2,0%,34.5
青物 夜,0,2,0%,36
宮津市海洋つり場,0,2,0%,36.5
福寿丸,0,2,0%,36.5
三重 海上釣堀,0,2,0%,37
兵庫 釣り堀,0,2,0%,37
岬 釣り堀,0,2,0%,37
新居 弁天 海釣公園 釣果,0,2,0%,37
あかぐり海釣り公園 釣果,0,2,0%,38
じゃ の ひれ 釣り堀,0,2,0%,38
マリーナシティ海釣り公園,0,2,0%,38
釣り堀 東京,0,2,0%,38
ひるが海上釣堀 レビュー,0,2,0%,38.5
新舞子 釣り場,0,2,0%,40
豊浜 海 釣り 公園,0,2,0%,40
南知多 釣り 手ぶら,0,2,0%,40.5
豊浜漁港,0,2,0%,40.5
筏 釣り 福井,0,2,0%,41
兵庫 釣り堀 安い,0,2,0%,42
南港 魚つり園,0,2,0%,42
釣り堀 愛媛,0,2,0%,42
伊勢 釣り堀,0,2,0%,43
東北 釣り堀,0,2,0%,43
福井 筏,0,2,0%,43
雑賀崎 釣り堀,0,2,0%,43
あか ぐり 海釣り公園 釣果,0,2,0%,43.5
三重県釣り堀ランキング,0,2,0%,44.5
海上 釣り堀 福井,0,2,0%,44.5
新舞子マリンパーク 釣り,0,2,0%,45.5
酒田 釣り堀,0,2,0%,45.5
大島 釣り堀,0,2,0%,46
安戸池釣り場フィッシュフック,0,2,0%,46.5
釣り堀紀州,0,2,0%,46.5
鯛 季節,0,2,0%,46.5
とっとパーク,0,2,0%,47
カンパチ 餌,0,2,0%,47
和歌山釣り堀,0,2,0%,47
福岡海釣り公園,0,2,0%,47
ゆら海釣り公園,0,2,0%,47.5
神奈川 海 釣り堀,0,2,0%,47.5
福岡市 海釣り,0,2,0%,48
釣り公園 大阪,0,2,0%,48
青森 海釣り公園,0,2,0%,48
海上釣り堀 関西,0,2,0%,48.5
釣り堀和歌山,0,2,0%,48.5
さくら鯛,0,2,0%,49
海 釣り堀 大阪,0,2,0%,49
高松 釣り堀,0,2,0%,49
ハマカツ,0,2,0%,49.5
海上釣堀,0,2,0%,49.5
釣竿 準備,0,2,0%,50.5
海 釣り 公園 福岡,0,2,0%,51.5
釣り堀サザン,0,2,0%,51.5
真鯛 乗っ 込み 時期,0,2,0%,52.5
浜名湖釣り公園,0,2,0%,53
阿多田島 釣り,0,2,0%,53
正 徳丸,0,2,0%,54.5
浜名湖 釣り公園,0,2,0%,54.5
海釣り公園 鹿児島,0,2,0%,54.5
冬 釣り堀,0,2,0%,55
浅虫海づり公園,0,2,0%,55
釣り堀 日向,0,2,0%,55.5
カタタ 釣り堀,0,2,0%,56
由良釣り公園,0,2,0%,56
海上 釣り堀 海恵,0,2,0%,56.5
熱海 釣り 手ぶら,0,2,0%,56.5
姫路釣り堀,0,2,0%,57
豊浜 釣り,0,2,0%,57.5
釣り堀 山形,0,2,0%,57.5
篠島釣り,0,2,0%,58
須磨海釣り公園,0,2,0%,58
桜島 釣り,0,2,0%,59
平磯 海釣り公園,0,2,0%,60
海上 釣り堀 レインボー,0,2,0%,60
赤い 鯛,0,2,0%,60.5
釣り堀 長崎,0,2,0%,61.5
新居弁天 海釣公園,0,2,0%,62.5
須磨 海 釣り 公園 料金,0,2,0%,66
伊豆 釣り堀,0,2,0%,66.5
釣り堀オーパ,0,2,0%,67
須磨 釣り,0,2,0%,67
広島 県 釣り堀,0,2,0%,68
海上釣り堀 福井,0,2,0%,68
須磨 海 づり 公園,0,2,0%,68
メジナ 刺身,0,2,0%,68.5
鹿児島海釣り公園,0,2,0%,70
愛知 海釣り公園,0,2,0%,70.5
魚釣り 福岡,0,2,0%,71.5
三重県 海上釣堀,0,2,0%,72
志布志 湾 大黒 イルカ ランド,0,2,0%,73.5
海上 釣り堀 千葉,0,2,0%,74
相差 漁港,0,2,0%,75.5
土肥 釣り場,0,2,0%,76
福岡 海 釣り 公園,0,2,0%,79.5
天然 養殖 違い,0,2,0%,85
釣り 干潮,0,2,0%,85.5
釣り堀コツ,0,2,0%,88.5
なぜ？,0,1,0%,1
大阪南港 駐 車場 無料,0,1,0%,1
天橋立 釣り堀,0,1,0%,1
的形海水浴場 釣り,0,1,0%,1
直島釣り公園 釣果,0,1,0%,1
糸満イカダ 仕掛け,0,1,0%,1
長崎,0,1,0%,1
陸奥湾 釣り ポイント,0,1,0%,1
雑賀崎シーパーク 料金,0,1,0%,1
姫路市立遊漁センター 休園,0,1,0%,2
志布志,0,1,0%,2
料金,0,1,0%,2
海上釣堀 辨屋 レビュー,0,1,0%,2
釣り堀 ライフジャケット,0,1,0%,2
鳥羽マリンターミナル,0,1,0%,2
シマアジ 生息域,0,1,0%,3
シマアジ 釣り 九州,0,1,0%,3
ダイソーハリス,0,1,0%,3
ハリス 5号,0,1,0%,3
予算,0,1,0%,3
南港 海釣り公園 駐 車場,0,1,0%,3
南港魚つり園 駐車場,0,1,0%,3
大阪南港魚つり園護岸,0,1,0%,3
志布志湾大黒イルカランド,0,1,0%,3
海上つり堀まるや,0,1,0%,3
田尻釣り堀,0,1,0%,3
縞鯵,0,1,0%,3
高島飛島磯釣公園,0,1,0%,3
魚,0,1,0%,3
あなたに会いたい 釣り堀,0,1,0%,4
いつから営業,0,1,0%,4
うなぎ釣り堀,0,1,0%,4
うみんぐ大島,0,1,0%,4
フィッシング ランド 日向 タナ,0,1,0%,4
南港魚釣り園護岸,0,1,0%,4
地元,0,1,0%,4
大島海洋体験施設 うみんぐ大島,0,1,0%,4
岬海上釣り堀,0,1,0%,4
沼津釣り堀,0,1,0%,4
浅虫釣り公園,0,1,0%,4
辨屋 予約,0,1,0%,4
金沢 釣具屋,0,1,0%,4
釣り堀 あなたに逢い鯛,0,1,0%,4
釣り堀 サザン 釣果,0,1,0%,4
釣り堀 ルール,0,1,0%,4
雑賀崎シーパーク レビュー,0,1,0%,4
5月6日,0,1,0%,5
うみング大島 釣果,0,1,0%,5
ここから近くの釣り堀,0,1,0%,5
みさき公園 釣り堀,0,1,0%,5
アジイワシ,0,1,0%,5
九州海上釣り堀,0,1,0%,5
他には？,0,1,0%,5
城ヶ島公園 釣り,0,1,0%,5
大島 福岡 釣り,0,1,0%,5
姫路遊漁センター 現在,0,1,0%,5
神戸市立 平磯海づり公園,0,1,0%,5
辨屋 釣果,0,1,0%,5
釣り 福岡 手ぶら,0,1,0%,5
青森市,0,1,0%,5
鴨池釣り公園,0,1,0%,5
はい,0,1,0%,6
シマアジ ジギング,0,1,0%,6
シマアジ タナ,0,1,0%,6
レンタルタックル,0,1,0%,6
城ヶ島 釣り,0,1,0%,6
夜 釣り堀,0,1,0%,6
日本 釣り人口 600万人,0,1,0%,6
真鯛 色,0,1,0%,6
福岡県海釣り公園,0,1,0%,6
釣りポート田尻,0,1,0%,6
釣り堀 マルヨ 釣果,0,1,0%,6
シマアジ 釣り方 ルアー,0,1,0%,7
宮崎 釣り堀,0,1,0%,7
幸丸 釣り堀,0,1,0%,7
広島海遊,0,1,0%,7
海上釣り堀 料金,0,1,0%,7
無料で釣りができる場所,0,1,0%,7
石鯛 クチバシ,0,1,0%,7
苫小牧 一本防波堤 料金,0,1,0%,7
釣り堀 宮崎,0,1,0%,7
osaka nanko fishing park,0,1,0%,8
のとじま水族館 釣り,0,1,0%,8
三重 佐助屋,0,1,0%,8
仙台釣り公園,0,1,0%,8
南港 魚釣り園,0,1,0%,8
手ぶら 釣り,0,1,0%,8
海 釣り 公園 みか た,0,1,0%,8
直島 釣り公園,0,1,0%,8
釣りができるところ 近く,0,1,0%,8
魚釣り園護岸,0,1,0%,8
suihou,0,1,0%,9
のとじま水族館 釣り堀,0,1,0%,9
ふるさと村,0,1,0%,9
ジャンボフィッシング村 長崎,0,1,0%,9
マルスイ海産 筏,0,1,0%,9
南伊勢 佐助屋,0,1,0%,9
和光 釣り堀 攻略,0,1,0%,9
和歌山マリーナシティ,0,1,0%,9
宮城県 釣り堀 海,0,1,0%,9
桜島海づり公園,0,1,0%,9
水宝(すいほう),0,1,0%,9
釣り 初心者 手ぶら,0,1,0%,9
釣り堀 佐助屋,0,1,0%,9
釣り堀公園,0,1,0%,9
雨 魚 活性,0,1,0%,9
高知県 深浦 釣り場,0,1,0%,9
yura sea fishing park,0,1,0%,10
いわき釣り堀,0,1,0%,10
スズキ エラ洗い,0,1,0%,10
スズキのパイ,0,1,0%,10
ハリス 長さ,0,1,0%,10
ファミリー釣り場,0,1,0%,10
フィッシュパーク,0,1,0%,10
仙台港釣り公園,0,1,0%,10
初夏 青物,0,1,0%,10
大原 シマアジ 仕掛け,0,1,0%,10
大洗 釣り公園,0,1,0%,10
大洗釣り公園,0,1,0%,10
大阪湾 釣り場 無料,0,1,0%,10
松 栄丸 シマアジ 仕掛け,0,1,0%,10
海上釣り堀の仕掛け,0,1,0%,10
海釣り公園 駐車場 料金,0,1,0%,10
海釣り堀,0,1,0%,10
生口島 釣り堀,0,1,0%,10
由良海,0,1,0%,10
針のサイズ,0,1,0%,10
釣り堀 シーズン,0,1,0%,10
釣り広場,0,1,0%,10
須磨海岸 釣果,0,1,0%,10
みさき 釣り堀,0,1,0%,11
わいた海釣り公園,0,1,0%,11
イサキ 回遊魚,0,1,0%,11
クエ 深海魚,0,1,0%,11
シー パーク 丹生 駐 車場,0,1,0%,11
三方五湖 釣り堀,0,1,0%,11
九州 海上 釣り堀 ランキング,0,1,0%,11
兵庫 釣り堀 海,0,1,0%,11
北九州市 釣り堀,0,1,0%,11
大阪 釣り 無料,0,1,0%,11
海えい,0,1,0%,11
海上釣り堀 九州,0,1,0%,11
海上釣り堀 佐助屋,0,1,0%,11
海上釣堀 クーラーボックス おすすめ,0,1,0%,11
海釣り公園 サビキ,0,1,0%,11
海釣り公園 値段,0,1,0%,11
海釣り堀 関西,0,1,0%,11
由良 筏釣り,0,1,0%,11
直島 公園,0,1,0%,11
石鯛の歯,0,1,0%,11
釣り堀 マグロ,0,1,0%,11
釣り堀 屋根付き,0,1,0%,11
釣り堀 服装 女性,0,1,0%,11
釣り堀 雨,0,1,0%,11
雨 釣り堀,0,1,0%,11
魚つり園護岸,0,1,0%,11
魚の嗅覚,0,1,0%,11
ここから近い漁港,0,1,0%,12
とれとれパーク 釣り,0,1,0%,12
アルテランサ 釣り,0,1,0%,12
イサキ 精巣,0,1,0%,12
パールマリン迎,0,1,0%,12
九州 釣り堀 海,0,1,0%,12
佐賀 釣り堀 海,0,1,0%,12
姫路釣り公園,0,1,0%,12
日 明 釣り公園 料金,0,1,0%,12
桜島 海釣り公園 レンタル 料金,0,1,0%,12
桜島海釣り公園 レンタル 料金,0,1,0%,12
沖洲釣り堀,0,1,0%,12
海釣りランド 芦北,0,1,0%,12
海釣り公園 レンタル,0,1,0%,12
"熱海 釣り堀 3,000円",0,1,0%,12
賢島フィッシングパーク 料金,0,1,0%,12
釣り 曇り,0,1,0%,12
釣り堀 値段,0,1,0%,12
釣り堀 夜,0,1,0%,12
釣り堀 大阪 初心者,0,1,0%,12
須磨海釣り公園釣果,0,1,0%,12
しまなみ海道つり堀公園,0,1,0%,13
トラフグ くちばし,0,1,0%,13
天草釣堀レジャーランド 料金,0,1,0%,13
桜島 釣り堀,0,1,0%,13
石鯛 最強 餌,0,1,0%,13
神戸市立須磨海づり公園,0,1,0%,13
護岸釣り,0,1,0%,13
須磨 釣り堀,0,1,0%,13
明石 アットシー,0,1,0%,14
鹿児島市 海釣り公園,0,1,0%,14
イサキ 食性,0,1,0%,15
大阪釣り公園,0,1,0%,15
指ドラグ,0,1,0%,15
明石アットシー,0,1,0%,15
浅虫海釣り公園 料金,0,1,0%,15
瀬戸田 釣り堀,0,1,0%,15
釣り堀 ウキ釣り 仕掛け,0,1,0%,15
イサキ 湯霜造り,0,1,0%,16
カマス なめろう,0,1,0%,16
佐助屋 釣り堀,0,1,0%,16
日向湖 釣り堀,0,1,0%,16
海の駅 釣り堀,0,1,0%,16
海釣り 朝マズメ,0,1,0%,16
釣り堀 紀州 攻略,0,1,0%,16
釣堀 岬,0,1,0%,16
あっとしぃー,0,1,0%,17
つりぼりマルヨ レビュー,0,1,0%,17
アットシー 明石 予約,0,1,0%,17
フィッシングパーク トリトン 料金,0,1,0%,17
光市 釣り,0,1,0%,17
大阪南港 釣り,0,1,0%,17
宍喰 渡船,0,1,0%,17
梅雨 青物,0,1,0%,17
魚 雨,0,1,0%,17
6月 青物,0,1,0%,18